

insert into CUOF_CRATE values ( 'YBm2_UP', -2,	'10.176.92.15',	8001,   '10.176.92.23',	8001 );
insert into CUOF_CRATE values ( 'YBm2_DW', -2,	'10.176.92.15',	8000,   '10.176.92.23',	8000 );
insert into CUOF_CRATE values ( 'YBm1_UP', -1,	'10.176.92.16',	8001,	'10.176.92.22',	8001 );
insert into CUOF_CRATE values ( 'YBm1_DW', -1,	'10.176.92.16',	8000,	'10.176.92.22',	8000 );
insert into CUOF_CRATE values ( 'YB0_UP',  0,	'10.176.92.17',	8001,	'10.176.92.21',	8001 );
insert into CUOF_CRATE values ( 'YB0_DW',  0,	'10.176.92.17',	8000,	'10.176.92.21',	8000 );
insert into CUOF_CRATE values ( 'YBp1_UP', 1,	'10.176.92.9', 	8001,	'10.176.92.20',	8001 );
insert into CUOF_CRATE values ( 'YBp1_DW', 1,	'10.176.92.9', 	8000,	'10.176.92.20',	8000 );
insert into CUOF_CRATE values ( 'YBp2_UP', 2,	'10.176.92.8', 	8001,	'10.176.92.19',	8001 );
insert into CUOF_CRATE values ( 'YBp2_DW', 2,	'10.176.92.8', 	8000,	'10.176.92.19',	8000 );


insert into CUOF_CONF values ( 'CUOF_BASE',  '01-MAR-15');
                               ## KEY	     ID          crate     wheel type base mask
insert into CUOF_BOARD values ( 'CUOF_BASE', 'TRG1'    , 'YBm2_UP', -2,	'T', 116, 15 );
insert into CUOF_BOARD values ( 'CUOF_BASE', 'TRG2'    , 'YBm2_UP', -2,	'T', 115, 15 );
insert into CUOF_BOARD values ( 'CUOF_BASE', 'TRG3'    , 'YBm2_UP', -2,	'T', 120, 15 );
insert into CUOF_BOARD values ( 'CUOF_BASE', 'TRG4-5'  , 'YBm2_UP', -2,	'T', 105, 1  );
insert into CUOF_BOARD values ( 'CUOF_BASE', 'TRG4'    , 'YBm2_UP', -2,	'T', 107, 15 );
insert into CUOF_BOARD values ( 'CUOF_BASE', 'TRG5'    , 'YBm2_UP', -2,	'T', 135, 15 );
insert into CUOF_BOARD values ( 'CUOF_BASE', 'TRG6'    , 'YBm2_UP', -2,	'T', 119, 15 );
insert into CUOF_BOARD values ( 'CUOF_BASE', 'RO1'     , 'YBm2_UP', -2,	'R', 131, 15 );
insert into CUOF_BOARD values ( 'CUOF_BASE', 'RO2'     , 'YBm2_UP', -2,	'R', 047, 15 );
insert into CUOF_BOARD values ( 'CUOF_BASE', 'RO3'     , 'YBm2_UP', -2,	'R', 090, 15 );
insert into CUOF_BOARD values ( 'CUOF_BASE', 'RO4'     , 'YBm2_UP', -2,	'R', 102, 15 );
insert into CUOF_BOARD values ( 'CUOF_BASE', 'RO5'     , 'YBm2_UP', -2,	'R', 094, 15 );
insert into CUOF_BOARD values ( 'CUOF_BASE', 'RO6'     , 'YBm2_UP', -2,	'R', 085, 15 );
insert into CUOF_BOARD values ( 'CUOF_BASE', 'TRG7'    , 'YBm2_DW', -2,	'T', 110, 15 );
insert into CUOF_BOARD values ( 'CUOF_BASE', 'TRG8'    , 'YBm2_DW', -2,	'T', 130, 15 );
insert into CUOF_BOARD values ( 'CUOF_BASE', 'TRG9'    , 'YBm2_DW', -2,	'T', 013, 15 );
insert into CUOF_BOARD values ( 'CUOF_BASE', 'TRG9-10' , 'YBm2_DW', -2,	'T', 106, 1  );
insert into CUOF_BOARD values ( 'CUOF_BASE', 'TRG10'   , 'YBm2_DW', -2,	'T', 121, 15 );
insert into CUOF_BOARD values ( 'CUOF_BASE', 'TRG11'   , 'YBm2_DW', -2,	'T', 129, 15 );
insert into CUOF_BOARD values ( 'CUOF_BASE', 'TRG12'   , 'YBm2_DW', -2,	'T', 111, 15 );
insert into CUOF_BOARD values ( 'CUOF_BASE', 'RO7'     , 'YBm2_DW', -2,	'R', 099, 15 );
insert into CUOF_BOARD values ( 'CUOF_BASE', 'RO8'     , 'YBm2_DW', -2,	'R', 053, 15 );
insert into CUOF_BOARD values ( 'CUOF_BASE', 'RO9'     , 'YBm2_DW', -2,	'R', 026, 15 );
insert into CUOF_BOARD values ( 'CUOF_BASE', 'RO10'    , 'YBm2_DW', -2,	'R', 095, 15 );
insert into CUOF_BOARD values ( 'CUOF_BASE', 'RO11'    , 'YBm2_DW', -2,	'R', 100, 15 );
insert into CUOF_BOARD values ( 'CUOF_BASE', 'RO12'    , 'YBm2_DW', -2,	'R', 081, 15 );
insert into CUOF_BOARD values ( 'CUOF_BASE', 'TRG1'    , 'YBm1_UP', -1,	'T', 007, 15 );
insert into CUOF_BOARD values ( 'CUOF_BASE', 'TRG2'    , 'YBm1_UP', -1,	'T', 016, 15 );
insert into CUOF_BOARD values ( 'CUOF_BASE', 'TRG3'    , 'YBm1_UP', -1,	'T', 009, 15 );
insert into CUOF_BOARD values ( 'CUOF_BASE', 'TRG4-5'  , 'YBm1_UP', -1,	'T', 003, 1  );
insert into CUOF_BOARD values ( 'CUOF_BASE', 'TRG4'    , 'YBm1_UP', -1,	'T', 004, 15 );
insert into CUOF_BOARD values ( 'CUOF_BASE', 'TRG5'    , 'YBm1_UP', -1,	'T', 005, 15 );
insert into CUOF_BOARD values ( 'CUOF_BASE', 'TRG6'    , 'YBm1_UP', -1,	'T', 010, 15 );
insert into CUOF_BOARD values ( 'CUOF_BASE', 'RO1'     , 'YBm1_UP', -1,	'R', 021, 15 );
insert into CUOF_BOARD values ( 'CUOF_BASE', 'RO2'     , 'YBm1_UP', -1,	'R', 020, 15 );
insert into CUOF_BOARD values ( 'CUOF_BASE', 'RO3'     , 'YBm1_UP', -1,	'R', 024, 15 );
insert into CUOF_BOARD values ( 'CUOF_BASE', 'RO4'     , 'YBm1_UP', -1,	'R', 025, 15 );
insert into CUOF_BOARD values ( 'CUOF_BASE', 'RO5'     , 'YBm1_UP', -1,	'R', 017, 15 );
insert into CUOF_BOARD values ( 'CUOF_BASE', 'RO6'     , 'YBm1_UP', -1,	'R', 018, 15 );
insert into CUOF_BOARD values ( 'CUOF_BASE', 'TRG7'    , 'YBm1_DW', -1,	'T', 014, 15 );
insert into CUOF_BOARD values ( 'CUOF_BASE', 'TRG8'    , 'YBm1_DW', -1,	'T', 006, 15 );
insert into CUOF_BOARD values ( 'CUOF_BASE', 'TRG9'    , 'YBm1_DW', -1,	'T', 015, 15 );
insert into CUOF_BOARD values ( 'CUOF_BASE', 'TRG9-10' , 'YBm1_DW', -1,	'T', 037, 1  );
insert into CUOF_BOARD values ( 'CUOF_BASE', 'TRG10'   , 'YBm1_DW', -1,	'T', 011, 15 );
insert into CUOF_BOARD values ( 'CUOF_BASE', 'TRG11'   , 'YBm1_DW', -1,	'T', 012, 15 );
insert into CUOF_BOARD values ( 'CUOF_BASE', 'TRG12'   , 'YBm1_DW', -1,	'T', 008, 15 );
insert into CUOF_BOARD values ( 'CUOF_BASE', 'RO7'     , 'YBm1_DW', -1,	'R', 022, 15 );
insert into CUOF_BOARD values ( 'CUOF_BASE', 'RO8'     , 'YBm1_DW', -1,	'R', 028, 15 );
insert into CUOF_BOARD values ( 'CUOF_BASE', 'RO9'     , 'YBm1_DW', -1,	'R', 101, 15 );
insert into CUOF_BOARD values ( 'CUOF_BASE', 'RO10'    , 'YBm1_DW', -1,	'R', 002, 15 );
insert into CUOF_BOARD values ( 'CUOF_BASE', 'RO11'    , 'YBm1_DW', -1,	'R', 029, 15 );
insert into CUOF_BOARD values ( 'CUOF_BASE', 'RO12'    , 'YBm1_DW', -1,	'R', 027, 15 );
insert into CUOF_BOARD values ( 'CUOF_BASE', 'TRG1'    , 'YB0_UP',  0,	'T', 065, 15 );
insert into CUOF_BOARD values ( 'CUOF_BASE', 'TRG2'    , 'YB0_UP',  0,	'T', 057, 15 );
insert into CUOF_BOARD values ( 'CUOF_BASE', 'TRG3'    , 'YB0_UP',  0,	'T', 066, 15 );
insert into CUOF_BOARD values ( 'CUOF_BASE', 'TRG4-5'  , 'YB0_UP',  0,	'T', 087, 1  );
insert into CUOF_BOARD values ( 'CUOF_BASE', 'TRG4'    , 'YB0_UP',  0,	'T', 061, 15 );
insert into CUOF_BOARD values ( 'CUOF_BASE', 'TRG5'    , 'YB0_UP',  0,	'T', 060, 15 );
insert into CUOF_BOARD values ( 'CUOF_BASE', 'TRG6'    , 'YB0_UP',  0,	'T', 137, 15 );
insert into CUOF_BOARD values ( 'CUOF_BASE', 'RO1'     , 'YB0_UP',  0,	'R', 019, 15 );
insert into CUOF_BOARD values ( 'CUOF_BASE', 'RO2'     , 'YB0_UP',  0,	'R', 132, 15 );
insert into CUOF_BOARD values ( 'CUOF_BASE', 'RO3'     , 'YB0_UP',  0,	'R', 072, 15 );
insert into CUOF_BOARD values ( 'CUOF_BASE', 'RO4'     , 'YB0_UP',  0,	'R', 073, 15 );
insert into CUOF_BOARD values ( 'CUOF_BASE', 'RO5'     , 'YB0_UP',  0,	'R', 080, 15 );
insert into CUOF_BOARD values ( 'CUOF_BASE', 'RO6'     , 'YB0_UP',  0,	'R', 076, 15 );
insert into CUOF_BOARD values ( 'CUOF_BASE', 'TRG7'    , 'YB0_DW',  0,	'T', 058, 15 );
insert into CUOF_BOARD values ( 'CUOF_BASE', 'TRG8'    , 'YB0_DW',  0,	'T', 069, 15 );
insert into CUOF_BOARD values ( 'CUOF_BASE', 'TRG9'    , 'YB0_DW',  0,	'T', 089, 15 );
insert into CUOF_BOARD values ( 'CUOF_BASE', 'TRG9-10' , 'YB0_DW',  0,	'T', 070, 1  );
insert into CUOF_BOARD values ( 'CUOF_BASE', 'TRG10'   , 'YB0_DW',  0,	'T', 062, 15 );
insert into CUOF_BOARD values ( 'CUOF_BASE', 'TRG11'   , 'YB0_DW',  0,	'T', 059, 15 );
insert into CUOF_BOARD values ( 'CUOF_BASE', 'TRG12'   , 'YB0_DW',  0,	'T', 063, 15 );
insert into CUOF_BOARD values ( 'CUOF_BASE', 'RO7'     , 'YB0_DW',  0,	'R', 091, 15 );
insert into CUOF_BOARD values ( 'CUOF_BASE', 'RO8'     , 'YB0_DW',  0,	'R', 083, 15 );
insert into CUOF_BOARD values ( 'CUOF_BASE', 'RO9'     , 'YB0_DW',  0,	'R', 077, 15 );
insert into CUOF_BOARD values ( 'CUOF_BASE', 'RO10'    , 'YB0_DW',  0,	'R', 074, 15 );
insert into CUOF_BOARD values ( 'CUOF_BASE', 'RO11'    , 'YB0_DW',  0,	'R', 079, 15 );
insert into CUOF_BOARD values ( 'CUOF_BASE', 'RO12'    , 'YB0_DW',  0,	'R', 075, 15 );
insert into CUOF_BOARD values ( 'CUOF_BASE', 'TRG1'    , 'YBp1_UP', 1,	'T', 034, 15 );
insert into CUOF_BOARD values ( 'CUOF_BASE', 'TRG2'    , 'YBp1_UP', 1,	'T', 032, 15 );
insert into CUOF_BOARD values ( 'CUOF_BASE', 'TRG3'    , 'YBp1_UP', 1,	'T', 031, 15 );
insert into CUOF_BOARD values ( 'CUOF_BASE', 'TRG4-5'  , 'YBp1_UP', 1,	'T', 056, 1  );
insert into CUOF_BOARD values ( 'CUOF_BASE', 'TRG4'    , 'YBp1_UP', 1,	'T', 038, 15 );
insert into CUOF_BOARD values ( 'CUOF_BASE', 'TRG5'    , 'YBp1_UP', 1,	'T', 040, 15 );
insert into CUOF_BOARD values ( 'CUOF_BASE', 'TRG6'    , 'YBp1_UP', 1,	'T', 041, 15 );
insert into CUOF_BOARD values ( 'CUOF_BASE', 'RO1'     , 'YBp1_UP', 1,	'R', 054, 15 );
insert into CUOF_BOARD values ( 'CUOF_BASE', 'RO2'     , 'YBp1_UP', 1,	'R', 048, 15 );
insert into CUOF_BOARD values ( 'CUOF_BASE', 'RO3'     , 'YBp1_UP', 1,	'R', 049, 15 );
insert into CUOF_BOARD values ( 'CUOF_BASE', 'RO4'     , 'YBp1_UP', 1,	'R', 050, 15 );
insert into CUOF_BOARD values ( 'CUOF_BASE', 'RO5'     , 'YBp1_UP', 1,	'R', 055, 15 );
insert into CUOF_BOARD values ( 'CUOF_BASE', 'RO6'     , 'YBp1_UP', 1,	'R', 052, 15 );
insert into CUOF_BOARD values ( 'CUOF_BASE', 'TRG7'    , 'YBp1_DW', 1,	'T', 039, 15 );
insert into CUOF_BOARD values ( 'CUOF_BASE', 'TRG8'    , 'YBp1_DW', 1,	'T', 043, 15 );
insert into CUOF_BOARD values ( 'CUOF_BASE', 'TRG9'    , 'YBp1_DW', 1,	'T', 147, 15 );
insert into CUOF_BOARD values ( 'CUOF_BASE', 'TRG9-10' , 'YBp1_DW', 1,	'T', 051, 1  );
insert into CUOF_BOARD values ( 'CUOF_BASE', 'TRG10'   , 'YBp1_DW', 1,	'T', 035, 15 );
insert into CUOF_BOARD values ( 'CUOF_BASE', 'TRG11'   , 'YBp1_DW', 1,	'T', 042, 15 );
insert into CUOF_BOARD values ( 'CUOF_BASE', 'TRG12'   , 'YBp1_DW', 1,	'T', 096, 15 );
insert into CUOF_BOARD values ( 'CUOF_BASE', 'RO7'     , 'YBp1_DW', 1,	'R', 082, 15 );
insert into CUOF_BOARD values ( 'CUOF_BASE', 'RO8'     , 'YBp1_DW', 1,	'R', 084, 15 );
insert into CUOF_BOARD values ( 'CUOF_BASE', 'RO9'     , 'YBp1_DW', 1,	'R', 023, 15 );
insert into CUOF_BOARD values ( 'CUOF_BASE', 'RO10'    , 'YBp1_DW', 1,	'R', 093, 15 );
insert into CUOF_BOARD values ( 'CUOF_BASE', 'RO11'    , 'YBp1_DW', 1,	'R', 103, 15 );
insert into CUOF_BOARD values ( 'CUOF_BASE', 'RO12'    , 'YBp1_DW', 1,	'R', 092, 15 );
insert into CUOF_BOARD values ( 'CUOF_BASE', 'TRG1'    , 'YBp2_UP', 2,	'T', 088, 15 );
insert into CUOF_BOARD values ( 'CUOF_BASE', 'TRG2'    , 'YBp2_UP', 2,	'T', 134, 15 );
insert into CUOF_BOARD values ( 'CUOF_BASE', 'TRG3'    , 'YBp2_UP', 2,	'T', 136, 15 );
insert into CUOF_BOARD values ( 'CUOF_BASE', 'TRG4-5'  , 'YBp2_UP', 2,	'T', 138, 1  );
insert into CUOF_BOARD values ( 'CUOF_BASE', 'TRG4'    , 'YBp2_UP', 2,	'T', 097, 15 );
insert into CUOF_BOARD values ( 'CUOF_BASE', 'TRG5'    , 'YBp2_UP', 2,	'T', 112, 15 );
insert into CUOF_BOARD values ( 'CUOF_BASE', 'TRG6'    , 'YBp2_UP', 2,	'T', 030, 15 );
insert into CUOF_BOARD values ( 'CUOF_BASE', 'RO1'     , 'YBp2_UP', 2,	'R', 133, 15 );
insert into CUOF_BOARD values ( 'CUOF_BASE', 'RO2'     , 'YBp2_UP', 2,	'R', 122, 15 );
insert into CUOF_BOARD values ( 'CUOF_BASE', 'RO3'     , 'YBp2_UP', 2,	'R', 141, 15 );
insert into CUOF_BOARD values ( 'CUOF_BASE', 'RO4'     , 'YBp2_UP', 2,	'R', 142, 15 );
insert into CUOF_BOARD values ( 'CUOF_BASE', 'RO5'     , 'YBp2_UP', 2,	'R', 126, 15 );
insert into CUOF_BOARD values ( 'CUOF_BASE', 'RO6'     , 'YBp2_UP', 2,	'R', 140, 15 );
insert into CUOF_BOARD values ( 'CUOF_BASE', 'TRG7'    , 'YBp2_DW', 2,	'T', 148, 15 );
insert into CUOF_BOARD values ( 'CUOF_BASE', 'TRG8'    , 'YBp2_DW', 2,	'T', 068, 15 );
insert into CUOF_BOARD values ( 'CUOF_BASE', 'TRG9'    , 'YBp2_DW', 2,	'T', 150, 15 );
insert into CUOF_BOARD values ( 'CUOF_BASE', 'TRG9-10' , 'YBp2_DW', 2,	'T', 144, 1  );
insert into CUOF_BOARD values ( 'CUOF_BASE', 'TRG10'   , 'YBp2_DW', 2,	'T', 086, 15 );
insert into CUOF_BOARD values ( 'CUOF_BASE', 'TRG11'   , 'YBp2_DW', 2,	'T', 117, 15 );
insert into CUOF_BOARD values ( 'CUOF_BASE', 'TRG12'   , 'YBp2_DW', 2,	'T', 118, 15 );
insert into CUOF_BOARD values ( 'CUOF_BASE', 'RO7'     , 'YBp2_DW', 2,	'R', 139, 15 );
insert into CUOF_BOARD values ( 'CUOF_BASE', 'RO8'     , 'YBp2_DW', 2,	'R', 045, 15 );
insert into CUOF_BOARD values ( 'CUOF_BASE', 'RO9'     , 'YBp2_DW', 2,	'R', 044, 15 );
insert into CUOF_BOARD values ( 'CUOF_BASE', 'RO10'    , 'YBp2_DW', 2,	'R', 046, 15 );
insert into CUOF_BOARD values ( 'CUOF_BASE', 'RO11'    , 'YBp2_DW', 2,	'R', 125, 15 );
insert into CUOF_BOARD values ( 'CUOF_BASE', 'RO12'    , 'YBp2_DW', 2,	'R', 124, 15 );



    insert into CUOF_MEZZANINE values ( 'CUOF_BASE', 'TRG1', -2, 0, 110, 25, 110, 25, 110, 25, 110, 25, 110, 25, 110, 25, 110, 25, 110, 25 );
    insert into CUOF_MEZZANINE values ( 'CUOF_BASE', 'TRG2', -2, 0, 110, 25, 110, 25, 110, 25, 110, 25, 110, 25, 110, 25, 110, 25, 110, 25 );
    insert into CUOF_MEZZANINE values ( 'CUOF_BASE', 'TRG3', -2, 0, 110, 25, 110, 25, 110, 25, 110, 25, 110, 25, 110, 25, 110, 25, 110, 25 );
    insert into CUOF_MEZZANINE values ( 'CUOF_BASE', 'TRG4', -2, 0, 110, 25, 110, 25, 110, 25, 110, 25, 110, 25, 110, 25, 110, 25, 110, 25 );
    insert into CUOF_MEZZANINE values ( 'CUOF_BASE', 'TRG5', -2, 0, 110, 25, 110, 25, 110, 25, 110, 25, 110, 25, 110, 25, 110, 25, 110, 25 );
    insert into CUOF_MEZZANINE values ( 'CUOF_BASE', 'TRG6', -2, 0, 110, 25, 110, 25, 110, 25, 110, 25, 110, 25, 110, 25, 110, 25, 110, 25 );
    insert into CUOF_MEZZANINE values ( 'CUOF_BASE', 'TRG7', -2, 0, 110, 25, 110, 25, 110, 25, 110, 25, 110, 25, 110, 25, 110, 25, 110, 25 );
    insert into CUOF_MEZZANINE values ( 'CUOF_BASE', 'TRG8', -2, 0, 110, 25, 110, 25, 110, 25, 110, 25, 110, 25, 110, 25, 110, 25, 110, 25 );
    insert into CUOF_MEZZANINE values ( 'CUOF_BASE', 'TRG9', -2, 0, 110, 25, 110, 25, 110, 25, 110, 25, 110, 25, 110, 25, 110, 25, 110, 25 );
    insert into CUOF_MEZZANINE values ( 'CUOF_BASE', 'TRG10', -2, 0, 110, 25, 110, 25, 110, 25, 110, 25, 110, 25, 110, 25, 110, 25, 110, 25 );
    insert into CUOF_MEZZANINE values ( 'CUOF_BASE', 'TRG11', -2, 0, 110, 25, 110, 25, 110, 25, 110, 25, 110, 25, 110, 25, 110, 25, 110, 25 );
    insert into CUOF_MEZZANINE values ( 'CUOF_BASE', 'TRG12', -2, 0, 110, 25, 110, 25, 110, 25, 110, 25, 110, 25, 110, 25, 110, 25, 110, 25 );
    insert into CUOF_MEZZANINE values ( 'CUOF_BASE', 'TRG1', -2, 1, 110, 25, 110, 25, 110, 25, 110, 25, 110, 25, 110, 25, 110, 25, 110, 25 );
    insert into CUOF_MEZZANINE values ( 'CUOF_BASE', 'TRG2', -2, 1, 110, 25, 110, 25, 110, 25, 110, 25, 110, 25, 110, 25, 110, 25, 110, 25 );
    insert into CUOF_MEZZANINE values ( 'CUOF_BASE', 'TRG3', -2, 1, 110, 25, 110, 25, 110, 25, 110, 25, 110, 25, 110, 25, 110, 25, 110, 25 );
    insert into CUOF_MEZZANINE values ( 'CUOF_BASE', 'TRG4', -2, 1, 110, 25, 110, 25, 110, 25, 110, 25, 110, 25, 110, 25, 110, 25, 110, 25 );
    insert into CUOF_MEZZANINE values ( 'CUOF_BASE', 'TRG5', -2, 1, 110, 25, 110, 25, 110, 25, 110, 25, 110, 25, 110, 25, 110, 25, 110, 25 );
    insert into CUOF_MEZZANINE values ( 'CUOF_BASE', 'TRG6', -2, 1, 110, 25, 110, 25, 110, 25, 110, 25, 110, 25, 110, 25, 110, 25, 110, 25 );
    insert into CUOF_MEZZANINE values ( 'CUOF_BASE', 'TRG7', -2, 1, 110, 25, 110, 25, 110, 25, 110, 25, 110, 25, 110, 25, 110, 25, 110, 25 );
    insert into CUOF_MEZZANINE values ( 'CUOF_BASE', 'TRG8', -2, 1, 110, 25, 110, 25, 110, 25, 110, 25, 110, 25, 110, 25, 110, 25, 110, 25 );
    insert into CUOF_MEZZANINE values ( 'CUOF_BASE', 'TRG9', -2, 1, 110, 25, 110, 25, 110, 25, 110, 25, 110, 25, 110, 25, 110, 25, 110, 25 );
    insert into CUOF_MEZZANINE values ( 'CUOF_BASE', 'TRG10', -2, 1, 110, 25, 110, 25, 110, 25, 110, 25, 110, 25, 110, 25, 110, 25, 110, 25 );
    insert into CUOF_MEZZANINE values ( 'CUOF_BASE', 'TRG11', -2, 1, 110, 25, 110, 25, 110, 25, 110, 25, 110, 25, 110, 25, 110, 25, 110, 25 );
    insert into CUOF_MEZZANINE values ( 'CUOF_BASE', 'TRG12', -2, 1, 110, 25, 110, 25, 110, 25, 110, 25, 110, 25, 110, 25, 110, 25, 110, 25 );
    insert into CUOF_MEZZANINE values ( 'CUOF_BASE', 'TRG1', -2, 2, 110, 25, 110, 25, 110, 25, 110, 25, 110, 25, 110, 25, 110, 25, 110, 25 );
    insert into CUOF_MEZZANINE values ( 'CUOF_BASE', 'TRG2', -2, 2, 110, 25, 110, 25, 110, 25, 110, 25, 110, 25, 110, 25, 110, 25, 110, 25 );
    insert into CUOF_MEZZANINE values ( 'CUOF_BASE', 'TRG3', -2, 2, 110, 25, 110, 25, 110, 25, 110, 25, 110, 25, 110, 25, 110, 25, 110, 25 );
    insert into CUOF_MEZZANINE values ( 'CUOF_BASE', 'TRG4', -2, 2, 110, 25, 110, 25, 110, 25, 110, 25, 110, 25, 110, 25, 110, 25, 110, 25 );
    insert into CUOF_MEZZANINE values ( 'CUOF_BASE', 'TRG5', -2, 2, 110, 25, 110, 25, 110, 25, 110, 25, 110, 25, 110, 25, 110, 25, 110, 25 );
    insert into CUOF_MEZZANINE values ( 'CUOF_BASE', 'TRG6', -2, 2, 110, 25, 110, 25, 110, 25, 110, 25, 110, 25, 110, 25, 110, 25, 110, 25 );
    insert into CUOF_MEZZANINE values ( 'CUOF_BASE', 'TRG7', -2, 2, 110, 25, 110, 25, 110, 25, 110, 25, 110, 25, 110, 25, 110, 25, 110, 25 );
    insert into CUOF_MEZZANINE values ( 'CUOF_BASE', 'TRG8', -2, 2, 110, 25, 110, 25, 110, 25, 110, 25, 110, 25, 110, 25, 110, 25, 110, 25 );
    insert into CUOF_MEZZANINE values ( 'CUOF_BASE', 'TRG9', -2, 2, 110, 25, 110, 25, 110, 25, 110, 25, 110, 25, 110, 25, 110, 25, 110, 25 );
    insert into CUOF_MEZZANINE values ( 'CUOF_BASE', 'TRG10', -2, 2, 110, 25, 110, 25, 110, 25, 110, 25, 110, 25, 110, 25, 110, 25, 110, 25 );
    insert into CUOF_MEZZANINE values ( 'CUOF_BASE', 'TRG11', -2, 2, 110, 25, 110, 25, 110, 25, 110, 25, 110, 25, 110, 25, 110, 25, 110, 25 );
    insert into CUOF_MEZZANINE values ( 'CUOF_BASE', 'TRG12', -2, 2, 110, 25, 110, 25, 110, 25, 110, 25, 110, 25, 110, 25, 110, 25, 110, 25 );
    insert into CUOF_MEZZANINE values ( 'CUOF_BASE', 'TRG1', -2, 3, 110, 25, 110, 25, 110, 25, 110, 25, 110, 25, 110, 25, 110, 25, 110, 25 );
    insert into CUOF_MEZZANINE values ( 'CUOF_BASE', 'TRG2', -2, 3, 110, 25, 110, 25, 110, 25, 110, 25, 110, 25, 110, 25, 110, 25, 110, 25 );
    insert into CUOF_MEZZANINE values ( 'CUOF_BASE', 'TRG3', -2, 3, 110, 25, 110, 25, 110, 25, 110, 25, 110, 25, 110, 25, 110, 25, 110, 25 );
    insert into CUOF_MEZZANINE values ( 'CUOF_BASE', 'TRG4', -2, 3, 110, 25, 110, 25, 110, 25, 110, 25, 110, 25, 110, 25, 110, 25, 110, 25 );
    insert into CUOF_MEZZANINE values ( 'CUOF_BASE', 'TRG5', -2, 3, 110, 25, 110, 25, 110, 25, 110, 25, 110, 25, 110, 25, 110, 25, 110, 25 );
    insert into CUOF_MEZZANINE values ( 'CUOF_BASE', 'TRG6', -2, 3, 110, 25, 110, 25, 110, 25, 110, 25, 110, 25, 110, 25, 110, 25, 110, 25 );
    insert into CUOF_MEZZANINE values ( 'CUOF_BASE', 'TRG7', -2, 3, 110, 25, 110, 25, 110, 25, 110, 25, 110, 25, 110, 25, 110, 25, 110, 25 );
    insert into CUOF_MEZZANINE values ( 'CUOF_BASE', 'TRG8', -2, 3, 110, 25, 110, 25, 110, 25, 110, 25, 110, 25, 110, 25, 110, 25, 110, 25 );
    insert into CUOF_MEZZANINE values ( 'CUOF_BASE', 'TRG9', -2, 3, 110, 25, 110, 25, 110, 25, 110, 25, 110, 25, 110, 25, 110, 25, 110, 25 );
    insert into CUOF_MEZZANINE values ( 'CUOF_BASE', 'TRG10', -2, 3, 110, 25, 110, 25, 110, 25, 110, 25, 110, 25, 110, 25, 110, 25, 110, 25 );
    insert into CUOF_MEZZANINE values ( 'CUOF_BASE', 'TRG11', -2, 3, 110, 25, 110, 25, 110, 25, 110, 25, 110, 25, 110, 25, 110, 25, 110, 25 );
    insert into CUOF_MEZZANINE values ( 'CUOF_BASE', 'TRG12', -2, 3, 110, 25, 110, 25, 110, 25, 110, 25, 110, 25, 110, 25, 110, 25, 110, 25 );
    insert into CUOF_MEZZANINE values ( 'CUOF_BASE', 'TRG4-5', -2, 0, 110, 25, 110, 25, 110, 25, 110, 25, 110, 25, 110, 25, 110, 25, 110, 25 );
    insert into CUOF_MEZZANINE values ( 'CUOF_BASE', 'TRG9-10', -2, 0, 110, 25, 110, 25, 110, 25, 110, 25, 110, 25, 110, 25, 110, 25, 110, 25 );
    insert into CUOF_MEZZANINE values ( 'CUOF_BASE', 'TRG1', -1, 0, 110, 25, 110, 25, 110, 25, 110, 25, 110, 25, 110, 25, 110, 25, 110, 25 );
    insert into CUOF_MEZZANINE values ( 'CUOF_BASE', 'TRG2', -1, 0, 110, 25, 110, 25, 110, 25, 110, 25, 110, 25, 110, 25, 110, 25, 110, 25 );
    insert into CUOF_MEZZANINE values ( 'CUOF_BASE', 'TRG3', -1, 0, 110, 25, 110, 25, 110, 25, 110, 25, 110, 25, 110, 25, 110, 25, 110, 25 );
    insert into CUOF_MEZZANINE values ( 'CUOF_BASE', 'TRG4', -1, 0, 110, 25, 110, 25, 110, 25, 110, 25, 110, 25, 110, 25, 110, 25, 110, 25 );
    insert into CUOF_MEZZANINE values ( 'CUOF_BASE', 'TRG5', -1, 0, 110, 25, 110, 25, 110, 25, 110, 25, 110, 25, 110, 25, 110, 25, 110, 25 );
    insert into CUOF_MEZZANINE values ( 'CUOF_BASE', 'TRG6', -1, 0, 110, 25, 110, 25, 110, 25, 110, 25, 110, 25, 110, 25, 110, 25, 110, 25 );
    insert into CUOF_MEZZANINE values ( 'CUOF_BASE', 'TRG7', -1, 0, 110, 25, 110, 25, 110, 25, 110, 25, 110, 25, 110, 25, 110, 25, 110, 25 );
    insert into CUOF_MEZZANINE values ( 'CUOF_BASE', 'TRG8', -1, 0, 110, 25, 110, 25, 110, 25, 110, 25, 110, 25, 110, 25, 110, 25, 110, 25 );
    insert into CUOF_MEZZANINE values ( 'CUOF_BASE', 'TRG9', -1, 0, 110, 25, 110, 25, 110, 25, 110, 25, 110, 25, 110, 25, 110, 25, 110, 25 );
    insert into CUOF_MEZZANINE values ( 'CUOF_BASE', 'TRG10', -1, 0, 110, 25, 110, 25, 110, 25, 110, 25, 110, 25, 110, 25, 110, 25, 110, 25 );
    insert into CUOF_MEZZANINE values ( 'CUOF_BASE', 'TRG11', -1, 0, 110, 25, 110, 25, 110, 25, 110, 25, 110, 25, 110, 25, 110, 25, 110, 25 );
    insert into CUOF_MEZZANINE values ( 'CUOF_BASE', 'TRG12', -1, 0, 110, 25, 110, 25, 110, 25, 110, 25, 110, 25, 110, 25, 110, 25, 110, 25 );
    insert into CUOF_MEZZANINE values ( 'CUOF_BASE', 'TRG1', -1, 1, 110, 25, 110, 25, 110, 25, 110, 25, 110, 25, 110, 25, 110, 25, 110, 25 );
    insert into CUOF_MEZZANINE values ( 'CUOF_BASE', 'TRG2', -1, 1, 110, 25, 110, 25, 110, 25, 110, 25, 110, 25, 110, 25, 110, 25, 110, 25 );
    insert into CUOF_MEZZANINE values ( 'CUOF_BASE', 'TRG3', -1, 1, 110, 25, 110, 25, 110, 25, 110, 25, 110, 25, 110, 25, 110, 25, 110, 25 );
    insert into CUOF_MEZZANINE values ( 'CUOF_BASE', 'TRG4', -1, 1, 110, 25, 110, 25, 110, 25, 110, 25, 110, 25, 110, 25, 110, 25, 110, 25 );
    insert into CUOF_MEZZANINE values ( 'CUOF_BASE', 'TRG5', -1, 1, 110, 25, 110, 25, 110, 25, 110, 25, 110, 25, 110, 25, 110, 25, 110, 25 );
    insert into CUOF_MEZZANINE values ( 'CUOF_BASE', 'TRG6', -1, 1, 110, 25, 110, 25, 110, 25, 110, 25, 110, 25, 110, 25, 110, 25, 110, 25 );
    insert into CUOF_MEZZANINE values ( 'CUOF_BASE', 'TRG7', -1, 1, 110, 25, 110, 25, 110, 25, 110, 25, 110, 25, 110, 25, 110, 25, 110, 25 );
    insert into CUOF_MEZZANINE values ( 'CUOF_BASE', 'TRG8', -1, 1, 110, 25, 110, 25, 110, 25, 110, 25, 110, 25, 110, 25, 110, 25, 110, 25 );
    insert into CUOF_MEZZANINE values ( 'CUOF_BASE', 'TRG9', -1, 1, 110, 25, 110, 25, 110, 25, 110, 25, 110, 25, 110, 25, 110, 25, 110, 25 );
    insert into CUOF_MEZZANINE values ( 'CUOF_BASE', 'TRG10', -1, 1, 110, 25, 110, 25, 110, 25, 110, 25, 110, 25, 110, 25, 110, 25, 110, 25 );
    insert into CUOF_MEZZANINE values ( 'CUOF_BASE', 'TRG11', -1, 1, 110, 25, 110, 25, 110, 25, 110, 25, 110, 25, 110, 25, 110, 25, 110, 25 );
    insert into CUOF_MEZZANINE values ( 'CUOF_BASE', 'TRG12', -1, 1, 110, 25, 110, 25, 110, 25, 110, 25, 110, 25, 110, 25, 110, 25, 110, 25 );
    insert into CUOF_MEZZANINE values ( 'CUOF_BASE', 'TRG1', -1, 2, 110, 25, 110, 25, 110, 25, 110, 25, 110, 25, 110, 25, 110, 25, 110, 25 );
    insert into CUOF_MEZZANINE values ( 'CUOF_BASE', 'TRG2', -1, 2, 110, 25, 110, 25, 110, 25, 110, 25, 110, 25, 110, 25, 110, 25, 110, 25 );
    insert into CUOF_MEZZANINE values ( 'CUOF_BASE', 'TRG3', -1, 2, 110, 25, 110, 25, 110, 25, 110, 25, 110, 25, 110, 25, 110, 25, 110, 25 );
    insert into CUOF_MEZZANINE values ( 'CUOF_BASE', 'TRG4', -1, 2, 110, 25, 110, 25, 110, 25, 110, 25, 110, 25, 110, 25, 110, 25, 110, 25 );
    insert into CUOF_MEZZANINE values ( 'CUOF_BASE', 'TRG5', -1, 2, 110, 25, 110, 25, 110, 25, 110, 25, 110, 25, 110, 25, 110, 25, 110, 25 );
    insert into CUOF_MEZZANINE values ( 'CUOF_BASE', 'TRG6', -1, 2, 110, 25, 110, 25, 110, 25, 110, 25, 110, 25, 110, 25, 110, 25, 110, 25 );
    insert into CUOF_MEZZANINE values ( 'CUOF_BASE', 'TRG7', -1, 2, 110, 25, 110, 25, 110, 25, 110, 25, 110, 25, 110, 25, 110, 25, 110, 25 );
    insert into CUOF_MEZZANINE values ( 'CUOF_BASE', 'TRG8', -1, 2, 110, 25, 110, 25, 110, 25, 110, 25, 110, 25, 110, 25, 110, 25, 110, 25 );
    insert into CUOF_MEZZANINE values ( 'CUOF_BASE', 'TRG9', -1, 2, 110, 25, 110, 25, 110, 25, 110, 25, 110, 25, 110, 25, 110, 25, 110, 25 );
    insert into CUOF_MEZZANINE values ( 'CUOF_BASE', 'TRG10', -1, 2, 110, 25, 110, 25, 110, 25, 110, 25, 110, 25, 110, 25, 110, 25, 110, 25 );
    insert into CUOF_MEZZANINE values ( 'CUOF_BASE', 'TRG11', -1, 2, 110, 25, 110, 25, 110, 25, 110, 25, 110, 25, 110, 25, 110, 25, 110, 25 );
    insert into CUOF_MEZZANINE values ( 'CUOF_BASE', 'TRG12', -1, 2, 110, 25, 110, 25, 110, 25, 110, 25, 110, 25, 110, 25, 110, 25, 110, 25 );
    insert into CUOF_MEZZANINE values ( 'CUOF_BASE', 'TRG1', -1, 3, 110, 25, 110, 25, 110, 25, 110, 25, 110, 25, 110, 25, 110, 25, 110, 25 );
    insert into CUOF_MEZZANINE values ( 'CUOF_BASE', 'TRG2', -1, 3, 110, 25, 110, 25, 110, 25, 110, 25, 110, 25, 110, 25, 110, 25, 110, 25 );
    insert into CUOF_MEZZANINE values ( 'CUOF_BASE', 'TRG3', -1, 3, 110, 25, 110, 25, 110, 25, 110, 25, 110, 25, 110, 25, 110, 25, 110, 25 );
    insert into CUOF_MEZZANINE values ( 'CUOF_BASE', 'TRG4', -1, 3, 110, 25, 110, 25, 110, 25, 110, 25, 110, 25, 110, 25, 110, 25, 110, 25 );
    insert into CUOF_MEZZANINE values ( 'CUOF_BASE', 'TRG5', -1, 3, 110, 25, 110, 25, 110, 25, 110, 25, 110, 25, 110, 25, 110, 25, 110, 25 );
    insert into CUOF_MEZZANINE values ( 'CUOF_BASE', 'TRG6', -1, 3, 110, 25, 110, 25, 110, 25, 110, 25, 110, 25, 110, 25, 110, 25, 110, 25 );
    insert into CUOF_MEZZANINE values ( 'CUOF_BASE', 'TRG7', -1, 3, 110, 25, 110, 25, 110, 25, 110, 25, 110, 25, 110, 25, 110, 25, 110, 25 );
    insert into CUOF_MEZZANINE values ( 'CUOF_BASE', 'TRG8', -1, 3, 110, 25, 110, 25, 110, 25, 110, 25, 110, 25, 110, 25, 110, 25, 110, 25 );
    insert into CUOF_MEZZANINE values ( 'CUOF_BASE', 'TRG9', -1, 3, 110, 25, 110, 25, 110, 25, 110, 25, 110, 25, 110, 25, 110, 25, 110, 25 );
    insert into CUOF_MEZZANINE values ( 'CUOF_BASE', 'TRG10', -1, 3, 110, 25, 110, 25, 110, 25, 110, 25, 110, 25, 110, 25, 110, 25, 110, 25 );
    insert into CUOF_MEZZANINE values ( 'CUOF_BASE', 'TRG11', -1, 3, 110, 25, 110, 25, 110, 25, 110, 25, 110, 25, 110, 25, 110, 25, 110, 25 );
    insert into CUOF_MEZZANINE values ( 'CUOF_BASE', 'TRG12', -1, 3, 110, 25, 110, 25, 110, 25, 110, 25, 110, 25, 110, 25, 110, 25, 110, 25 );
    insert into CUOF_MEZZANINE values ( 'CUOF_BASE', 'TRG4-5', -1, 0, 110, 25, 110, 25, 110, 25, 110, 25, 110, 25, 110, 25, 110, 25, 110, 25 );
    insert into CUOF_MEZZANINE values ( 'CUOF_BASE', 'TRG9-10', -1, 0, 110, 25, 110, 25, 110, 25, 110, 25, 110, 25, 110, 25, 110, 25, 110, 25 );
    insert into CUOF_MEZZANINE values ( 'CUOF_BASE', 'TRG1', 0, 0, 110, 25, 110, 25, 110, 25, 110, 25, 110, 25, 110, 25, 110, 25, 110, 25 );
    insert into CUOF_MEZZANINE values ( 'CUOF_BASE', 'TRG2', 0, 0, 110, 25, 110, 25, 110, 25, 110, 25, 110, 25, 110, 25, 110, 25, 110, 25 );
    insert into CUOF_MEZZANINE values ( 'CUOF_BASE', 'TRG3', 0, 0, 110, 25, 110, 25, 110, 25, 110, 25, 110, 25, 110, 25, 110, 25, 110, 25 );
    insert into CUOF_MEZZANINE values ( 'CUOF_BASE', 'TRG4', 0, 0, 110, 25, 110, 25, 110, 25, 110, 25, 110, 25, 110, 25, 110, 25, 110, 25 );
    insert into CUOF_MEZZANINE values ( 'CUOF_BASE', 'TRG5', 0, 0, 110, 25, 110, 25, 110, 25, 110, 25, 110, 25, 110, 25, 110, 25, 110, 25 );
    insert into CUOF_MEZZANINE values ( 'CUOF_BASE', 'TRG6', 0, 0, 110, 25, 110, 25, 110, 25, 110, 25, 110, 25, 110, 25, 110, 25, 110, 25 );
    insert into CUOF_MEZZANINE values ( 'CUOF_BASE', 'TRG7', 0, 0, 110, 25, 110, 25, 110, 25, 110, 25, 110, 25, 110, 25, 110, 25, 110, 25 );
    insert into CUOF_MEZZANINE values ( 'CUOF_BASE', 'TRG8', 0, 0, 110, 25, 110, 25, 110, 25, 110, 25, 110, 25, 110, 25, 110, 25, 110, 25 );
    insert into CUOF_MEZZANINE values ( 'CUOF_BASE', 'TRG9', 0, 0, 110, 25, 110, 25, 110, 25, 110, 25, 110, 25, 110, 25, 110, 25, 110, 25 );
    insert into CUOF_MEZZANINE values ( 'CUOF_BASE', 'TRG10', 0, 0, 110, 25, 110, 25, 110, 25, 110, 25, 110, 25, 110, 25, 110, 25, 110, 25 );
    insert into CUOF_MEZZANINE values ( 'CUOF_BASE', 'TRG11', 0, 0, 110, 25, 110, 25, 110, 25, 110, 25, 110, 25, 110, 25, 110, 25, 110, 25 );
    insert into CUOF_MEZZANINE values ( 'CUOF_BASE', 'TRG12', 0, 0, 110, 25, 110, 25, 110, 25, 110, 25, 110, 25, 110, 25, 110, 25, 110, 25 );
    insert into CUOF_MEZZANINE values ( 'CUOF_BASE', 'TRG1', 0, 1, 110, 25, 110, 25, 110, 25, 110, 25, 110, 25, 110, 25, 110, 25, 110, 25 );
    insert into CUOF_MEZZANINE values ( 'CUOF_BASE', 'TRG2', 0, 1, 110, 25, 110, 25, 110, 25, 110, 25, 110, 25, 110, 25, 110, 25, 110, 25 );
    insert into CUOF_MEZZANINE values ( 'CUOF_BASE', 'TRG3', 0, 1, 110, 25, 110, 25, 110, 25, 110, 25, 110, 25, 110, 25, 110, 25, 110, 25 );
    insert into CUOF_MEZZANINE values ( 'CUOF_BASE', 'TRG4', 0, 1, 110, 25, 110, 25, 110, 25, 110, 25, 110, 25, 110, 25, 110, 25, 110, 25 );
    insert into CUOF_MEZZANINE values ( 'CUOF_BASE', 'TRG5', 0, 1, 110, 25, 110, 25, 110, 25, 110, 25, 110, 25, 110, 25, 110, 25, 110, 25 );
    insert into CUOF_MEZZANINE values ( 'CUOF_BASE', 'TRG6', 0, 1, 110, 25, 110, 25, 110, 25, 110, 25, 110, 25, 110, 25, 110, 25, 110, 25 );
    insert into CUOF_MEZZANINE values ( 'CUOF_BASE', 'TRG7', 0, 1, 110, 25, 110, 25, 110, 25, 110, 25, 110, 25, 110, 25, 110, 25, 110, 25 );
    insert into CUOF_MEZZANINE values ( 'CUOF_BASE', 'TRG8', 0, 1, 110, 25, 110, 25, 110, 25, 110, 25, 110, 25, 110, 25, 110, 25, 110, 25 );
    insert into CUOF_MEZZANINE values ( 'CUOF_BASE', 'TRG9', 0, 1, 110, 25, 110, 25, 110, 25, 110, 25, 110, 25, 110, 25, 110, 25, 110, 25 );
    insert into CUOF_MEZZANINE values ( 'CUOF_BASE', 'TRG10', 0, 1, 110, 25, 110, 25, 110, 25, 110, 25, 110, 25, 110, 25, 110, 25, 110, 25 );
    insert into CUOF_MEZZANINE values ( 'CUOF_BASE', 'TRG11', 0, 1, 110, 25, 110, 25, 110, 25, 110, 25, 110, 25, 110, 25, 110, 25, 110, 25 );
    insert into CUOF_MEZZANINE values ( 'CUOF_BASE', 'TRG12', 0, 1, 110, 25, 110, 25, 110, 25, 110, 25, 110, 25, 110, 25, 110, 25, 110, 25 );
    insert into CUOF_MEZZANINE values ( 'CUOF_BASE', 'TRG1', 0, 2, 110, 25, 110, 25, 110, 25, 110, 25, 110, 25, 110, 25, 110, 25, 110, 25 );
    insert into CUOF_MEZZANINE values ( 'CUOF_BASE', 'TRG2', 0, 2, 110, 25, 110, 25, 110, 25, 110, 25, 110, 25, 110, 25, 110, 25, 110, 25 );
    insert into CUOF_MEZZANINE values ( 'CUOF_BASE', 'TRG3', 0, 2, 110, 25, 110, 25, 110, 25, 110, 25, 110, 25, 110, 25, 110, 25, 110, 25 );
    insert into CUOF_MEZZANINE values ( 'CUOF_BASE', 'TRG4', 0, 2, 110, 25, 110, 25, 110, 25, 110, 25, 110, 25, 110, 25, 110, 25, 110, 25 );
    insert into CUOF_MEZZANINE values ( 'CUOF_BASE', 'TRG5', 0, 2, 110, 25, 110, 25, 110, 25, 110, 25, 110, 25, 110, 25, 110, 25, 110, 25 );
    insert into CUOF_MEZZANINE values ( 'CUOF_BASE', 'TRG6', 0, 2, 110, 25, 110, 25, 110, 25, 110, 25, 110, 25, 110, 25, 110, 25, 110, 25 );
    insert into CUOF_MEZZANINE values ( 'CUOF_BASE', 'TRG7', 0, 2, 110, 25, 110, 25, 110, 25, 110, 25, 110, 25, 110, 25, 110, 25, 110, 25 );
    insert into CUOF_MEZZANINE values ( 'CUOF_BASE', 'TRG8', 0, 2, 110, 25, 110, 25, 110, 25, 110, 25, 110, 25, 110, 25, 110, 25, 110, 25 );
    insert into CUOF_MEZZANINE values ( 'CUOF_BASE', 'TRG9', 0, 2, 110, 25, 110, 25, 110, 25, 110, 25, 110, 25, 110, 25, 110, 25, 110, 25 );
    insert into CUOF_MEZZANINE values ( 'CUOF_BASE', 'TRG10', 0, 2, 110, 25, 110, 25, 110, 25, 110, 25, 110, 25, 110, 25, 110, 25, 110, 25 );
    insert into CUOF_MEZZANINE values ( 'CUOF_BASE', 'TRG11', 0, 2, 110, 25, 110, 25, 110, 25, 110, 25, 110, 25, 110, 25, 110, 25, 110, 25 );
    insert into CUOF_MEZZANINE values ( 'CUOF_BASE', 'TRG12', 0, 2, 110, 25, 110, 25, 110, 25, 110, 25, 110, 25, 110, 25, 110, 25, 110, 25 );
    insert into CUOF_MEZZANINE values ( 'CUOF_BASE', 'TRG1', 0, 3, 110, 25, 110, 25, 110, 25, 110, 25, 110, 25, 110, 25, 110, 25, 110, 25 );
    insert into CUOF_MEZZANINE values ( 'CUOF_BASE', 'TRG2', 0, 3, 110, 25, 110, 25, 110, 25, 110, 25, 110, 25, 110, 25, 110, 25, 110, 25 );
    insert into CUOF_MEZZANINE values ( 'CUOF_BASE', 'TRG3', 0, 3, 110, 25, 110, 25, 110, 25, 110, 25, 110, 25, 110, 25, 110, 25, 110, 25 );
    insert into CUOF_MEZZANINE values ( 'CUOF_BASE', 'TRG4', 0, 3, 110, 25, 110, 25, 110, 25, 110, 25, 110, 25, 110, 25, 110, 25, 110, 25 );
    insert into CUOF_MEZZANINE values ( 'CUOF_BASE', 'TRG5', 0, 3, 110, 25, 110, 25, 110, 25, 110, 25, 110, 25, 110, 25, 110, 25, 110, 25 );
    insert into CUOF_MEZZANINE values ( 'CUOF_BASE', 'TRG6', 0, 3, 110, 25, 110, 25, 110, 25, 110, 25, 110, 25, 110, 25, 110, 25, 110, 25 );
    insert into CUOF_MEZZANINE values ( 'CUOF_BASE', 'TRG7', 0, 3, 110, 25, 110, 25, 110, 25, 110, 25, 110, 25, 110, 25, 110, 25, 110, 25 );
    insert into CUOF_MEZZANINE values ( 'CUOF_BASE', 'TRG8', 0, 3, 110, 25, 110, 25, 110, 25, 110, 25, 110, 25, 110, 25, 110, 25, 110, 25 );
    insert into CUOF_MEZZANINE values ( 'CUOF_BASE', 'TRG9', 0, 3, 110, 25, 110, 25, 110, 25, 110, 25, 110, 25, 110, 25, 110, 25, 110, 25 );
    insert into CUOF_MEZZANINE values ( 'CUOF_BASE', 'TRG10', 0, 3, 110, 25, 110, 25, 110, 25, 110, 25, 110, 25, 110, 25, 110, 25, 110, 25 );
    insert into CUOF_MEZZANINE values ( 'CUOF_BASE', 'TRG11', 0, 3, 110, 25, 110, 25, 110, 25, 110, 25, 110, 25, 110, 25, 110, 25, 110, 25 );
    insert into CUOF_MEZZANINE values ( 'CUOF_BASE', 'TRG12', 0, 3, 110, 25, 110, 25, 110, 25, 110, 25, 110, 25, 110, 25, 110, 25, 110, 25 );
    insert into CUOF_MEZZANINE values ( 'CUOF_BASE', 'TRG4-5', 0, 0, 110, 25, 110, 25, 110, 25, 110, 25, 110, 25, 110, 25, 110, 25, 110, 25 );
    insert into CUOF_MEZZANINE values ( 'CUOF_BASE', 'TRG9-10', 0, 0, 110, 25, 110, 25, 110, 25, 110, 25, 110, 25, 110, 25, 110, 25, 110, 25 );
    insert into CUOF_MEZZANINE values ( 'CUOF_BASE', 'TRG1', 1, 0, 110, 25, 110, 25, 110, 25, 110, 25, 110, 25, 110, 25, 110, 25, 110, 25 );
    insert into CUOF_MEZZANINE values ( 'CUOF_BASE', 'TRG2', 1, 0, 110, 25, 110, 25, 110, 25, 110, 25, 110, 25, 110, 25, 110, 25, 110, 25 );
    insert into CUOF_MEZZANINE values ( 'CUOF_BASE', 'TRG3', 1, 0, 110, 25, 110, 25, 110, 25, 110, 25, 110, 25, 110, 25, 110, 25, 110, 25 );
    insert into CUOF_MEZZANINE values ( 'CUOF_BASE', 'TRG4', 1, 0, 110, 25, 110, 25, 110, 25, 110, 25, 110, 25, 110, 25, 110, 25, 110, 25 );
    insert into CUOF_MEZZANINE values ( 'CUOF_BASE', 'TRG5', 1, 0, 110, 25, 110, 25, 110, 25, 110, 25, 110, 25, 110, 25, 110, 25, 110, 25 );
    insert into CUOF_MEZZANINE values ( 'CUOF_BASE', 'TRG6', 1, 0, 110, 25, 110, 25, 110, 25, 110, 25, 110, 25, 110, 25, 110, 25, 110, 25 );
    insert into CUOF_MEZZANINE values ( 'CUOF_BASE', 'TRG7', 1, 0, 110, 25, 110, 25, 110, 25, 110, 25, 110, 25, 110, 25, 110, 25, 110, 25 );
    insert into CUOF_MEZZANINE values ( 'CUOF_BASE', 'TRG8', 1, 0, 110, 25, 110, 25, 110, 25, 110, 25, 110, 25, 110, 25, 110, 25, 110, 25 );
    insert into CUOF_MEZZANINE values ( 'CUOF_BASE', 'TRG9', 1, 0, 110, 25, 110, 25, 110, 25, 110, 25, 110, 25, 110, 25, 110, 25, 110, 25 );
    insert into CUOF_MEZZANINE values ( 'CUOF_BASE', 'TRG10', 1, 0, 110, 25, 110, 25, 110, 25, 110, 25, 110, 25, 110, 25, 110, 25, 110, 25 );
    insert into CUOF_MEZZANINE values ( 'CUOF_BASE', 'TRG11', 1, 0, 110, 25, 110, 25, 110, 25, 110, 25, 110, 25, 110, 25, 110, 25, 110, 25 );
    insert into CUOF_MEZZANINE values ( 'CUOF_BASE', 'TRG12', 1, 0, 110, 25, 110, 25, 110, 25, 110, 25, 110, 25, 110, 25, 110, 25, 110, 25 );
    insert into CUOF_MEZZANINE values ( 'CUOF_BASE', 'TRG1', 1, 1, 110, 25, 110, 25, 110, 25, 110, 25, 110, 25, 110, 25, 110, 25, 110, 25 );
    insert into CUOF_MEZZANINE values ( 'CUOF_BASE', 'TRG2', 1, 1, 110, 25, 110, 25, 110, 25, 110, 25, 110, 25, 110, 25, 110, 25, 110, 25 );
    insert into CUOF_MEZZANINE values ( 'CUOF_BASE', 'TRG3', 1, 1, 110, 25, 110, 25, 110, 25, 110, 25, 110, 25, 110, 25, 110, 25, 110, 25 );
    insert into CUOF_MEZZANINE values ( 'CUOF_BASE', 'TRG4', 1, 1, 110, 25, 110, 25, 110, 25, 110, 25, 110, 25, 110, 25, 110, 25, 110, 25 );
    insert into CUOF_MEZZANINE values ( 'CUOF_BASE', 'TRG5', 1, 1, 110, 25, 110, 25, 110, 25, 110, 25, 110, 25, 110, 25, 110, 25, 110, 25 );
    insert into CUOF_MEZZANINE values ( 'CUOF_BASE', 'TRG6', 1, 1, 110, 25, 110, 25, 110, 25, 110, 25, 110, 25, 110, 25, 110, 25, 110, 25 );
    insert into CUOF_MEZZANINE values ( 'CUOF_BASE', 'TRG7', 1, 1, 110, 25, 110, 25, 110, 25, 110, 25, 110, 25, 110, 25, 110, 25, 110, 25 );
    insert into CUOF_MEZZANINE values ( 'CUOF_BASE', 'TRG8', 1, 1, 110, 25, 110, 25, 110, 25, 110, 25, 110, 25, 110, 25, 110, 25, 110, 25 );
    insert into CUOF_MEZZANINE values ( 'CUOF_BASE', 'TRG9', 1, 1, 110, 25, 110, 25, 110, 25, 110, 25, 110, 25, 110, 25, 110, 25, 110, 25 );
    insert into CUOF_MEZZANINE values ( 'CUOF_BASE', 'TRG10', 1, 1, 110, 25, 110, 25, 110, 25, 110, 25, 110, 25, 110, 25, 110, 25, 110, 25 );
    insert into CUOF_MEZZANINE values ( 'CUOF_BASE', 'TRG11', 1, 1, 110, 25, 110, 25, 110, 25, 110, 25, 110, 25, 110, 25, 110, 25, 110, 25 );
    insert into CUOF_MEZZANINE values ( 'CUOF_BASE', 'TRG12', 1, 1, 110, 25, 110, 25, 110, 25, 110, 25, 110, 25, 110, 25, 110, 25, 110, 25 );
    insert into CUOF_MEZZANINE values ( 'CUOF_BASE', 'TRG1', 1, 2, 110, 25, 110, 25, 110, 25, 110, 25, 110, 25, 110, 25, 110, 25, 110, 25 );
    insert into CUOF_MEZZANINE values ( 'CUOF_BASE', 'TRG2', 1, 2, 110, 25, 110, 25, 110, 25, 110, 25, 110, 25, 110, 25, 110, 25, 110, 25 );
    insert into CUOF_MEZZANINE values ( 'CUOF_BASE', 'TRG3', 1, 2, 110, 25, 110, 25, 110, 25, 110, 25, 110, 25, 110, 25, 110, 25, 110, 25 );
    insert into CUOF_MEZZANINE values ( 'CUOF_BASE', 'TRG4', 1, 2, 110, 25, 110, 25, 110, 25, 110, 25, 110, 25, 110, 25, 110, 25, 110, 25 );
    insert into CUOF_MEZZANINE values ( 'CUOF_BASE', 'TRG5', 1, 2, 110, 25, 110, 25, 110, 25, 110, 25, 110, 25, 110, 25, 110, 25, 110, 25 );
    insert into CUOF_MEZZANINE values ( 'CUOF_BASE', 'TRG6', 1, 2, 110, 25, 110, 25, 110, 25, 110, 25, 110, 25, 110, 25, 110, 25, 110, 25 );
    insert into CUOF_MEZZANINE values ( 'CUOF_BASE', 'TRG7', 1, 2, 110, 25, 110, 25, 110, 25, 110, 25, 110, 25, 110, 25, 110, 25, 110, 25 );
    insert into CUOF_MEZZANINE values ( 'CUOF_BASE', 'TRG8', 1, 2, 110, 25, 110, 25, 110, 25, 110, 25, 110, 25, 110, 25, 110, 25, 110, 25 );
    insert into CUOF_MEZZANINE values ( 'CUOF_BASE', 'TRG9', 1, 2, 110, 25, 110, 25, 110, 25, 110, 25, 110, 25, 110, 25, 110, 25, 110, 25 );
    insert into CUOF_MEZZANINE values ( 'CUOF_BASE', 'TRG10', 1, 2, 110, 25, 110, 25, 110, 25, 110, 25, 110, 25, 110, 25, 110, 25, 110, 25 );
    insert into CUOF_MEZZANINE values ( 'CUOF_BASE', 'TRG11', 1, 2, 110, 25, 110, 25, 110, 25, 110, 25, 110, 25, 110, 25, 110, 25, 110, 25 );
    insert into CUOF_MEZZANINE values ( 'CUOF_BASE', 'TRG12', 1, 2, 110, 25, 110, 25, 110, 25, 110, 25, 110, 25, 110, 25, 110, 25, 110, 25 );
    insert into CUOF_MEZZANINE values ( 'CUOF_BASE', 'TRG1', 1, 3, 110, 25, 110, 25, 110, 25, 110, 25, 110, 25, 110, 25, 110, 25, 110, 25 );
    insert into CUOF_MEZZANINE values ( 'CUOF_BASE', 'TRG2', 1, 3, 110, 25, 110, 25, 110, 25, 110, 25, 110, 25, 110, 25, 110, 25, 110, 25 );
    insert into CUOF_MEZZANINE values ( 'CUOF_BASE', 'TRG3', 1, 3, 110, 25, 110, 25, 110, 25, 110, 25, 110, 25, 110, 25, 110, 25, 110, 25 );
    insert into CUOF_MEZZANINE values ( 'CUOF_BASE', 'TRG4', 1, 3, 110, 25, 110, 25, 110, 25, 110, 25, 110, 25, 110, 25, 110, 25, 110, 25 );
    insert into CUOF_MEZZANINE values ( 'CUOF_BASE', 'TRG5', 1, 3, 110, 25, 110, 25, 110, 25, 110, 25, 110, 25, 110, 25, 110, 25, 110, 25 );
    insert into CUOF_MEZZANINE values ( 'CUOF_BASE', 'TRG6', 1, 3, 110, 25, 110, 25, 110, 25, 110, 25, 110, 25, 110, 25, 110, 25, 110, 25 );
    insert into CUOF_MEZZANINE values ( 'CUOF_BASE', 'TRG7', 1, 3, 110, 25, 110, 25, 110, 25, 110, 25, 110, 25, 110, 25, 110, 25, 110, 25 );
    insert into CUOF_MEZZANINE values ( 'CUOF_BASE', 'TRG8', 1, 3, 110, 25, 110, 25, 110, 25, 110, 25, 110, 25, 110, 25, 110, 25, 110, 25 );
    insert into CUOF_MEZZANINE values ( 'CUOF_BASE', 'TRG9', 1, 3, 110, 25, 110, 25, 110, 25, 110, 25, 110, 25, 110, 25, 110, 25, 110, 25 );
    insert into CUOF_MEZZANINE values ( 'CUOF_BASE', 'TRG10', 1, 3, 110, 25, 110, 25, 110, 25, 110, 25, 110, 25, 110, 25, 110, 25, 110, 25 );
    insert into CUOF_MEZZANINE values ( 'CUOF_BASE', 'TRG11', 1, 3, 110, 25, 110, 25, 110, 25, 110, 25, 110, 25, 110, 25, 110, 25, 110, 25 );
    insert into CUOF_MEZZANINE values ( 'CUOF_BASE', 'TRG12', 1, 3, 110, 25, 110, 25, 110, 25, 110, 25, 110, 25, 110, 25, 110, 25, 110, 25 );
    insert into CUOF_MEZZANINE values ( 'CUOF_BASE', 'TRG4-5', 1, 0, 110, 25, 110, 25, 110, 25, 110, 25, 110, 25, 110, 25, 110, 25, 110, 25 );
    insert into CUOF_MEZZANINE values ( 'CUOF_BASE', 'TRG9-10', 1, 0, 110, 25, 110, 25, 110, 25, 110, 25, 110, 25, 110, 25, 110, 25, 110, 25 );
    insert into CUOF_MEZZANINE values ( 'CUOF_BASE', 'TRG1', 2, 0, 110, 25, 110, 25, 110, 25, 110, 25, 110, 25, 110, 25, 110, 25, 110, 25 );
    insert into CUOF_MEZZANINE values ( 'CUOF_BASE', 'TRG2', 2, 0, 110, 25, 110, 25, 110, 25, 110, 25, 110, 25, 110, 25, 110, 25, 110, 25 );
    insert into CUOF_MEZZANINE values ( 'CUOF_BASE', 'TRG3', 2, 0, 110, 25, 110, 25, 110, 25, 110, 25, 110, 25, 110, 25, 110, 25, 110, 25 );
    insert into CUOF_MEZZANINE values ( 'CUOF_BASE', 'TRG4', 2, 0, 110, 25, 110, 25, 110, 25, 110, 25, 110, 25, 110, 25, 110, 25, 110, 25 );
    insert into CUOF_MEZZANINE values ( 'CUOF_BASE', 'TRG5', 2, 0, 110, 25, 110, 25, 110, 25, 110, 25, 110, 25, 110, 25, 110, 25, 110, 25 );
    insert into CUOF_MEZZANINE values ( 'CUOF_BASE', 'TRG6', 2, 0, 110, 25, 110, 25, 110, 25, 110, 25, 110, 25, 110, 25, 110, 25, 110, 25 );
    insert into CUOF_MEZZANINE values ( 'CUOF_BASE', 'TRG7', 2, 0, 110, 25, 110, 25, 110, 25, 110, 25, 110, 25, 110, 25, 110, 25, 110, 25 );
    insert into CUOF_MEZZANINE values ( 'CUOF_BASE', 'TRG8', 2, 0, 110, 25, 110, 25, 110, 25, 110, 25, 110, 25, 110, 25, 110, 25, 110, 25 );
    insert into CUOF_MEZZANINE values ( 'CUOF_BASE', 'TRG9', 2, 0, 110, 25, 110, 25, 110, 25, 110, 25, 110, 25, 110, 25, 110, 25, 110, 25 );
    insert into CUOF_MEZZANINE values ( 'CUOF_BASE', 'TRG10', 2, 0, 110, 25, 110, 25, 110, 25, 110, 25, 110, 25, 110, 25, 110, 25, 110, 25 );
    insert into CUOF_MEZZANINE values ( 'CUOF_BASE', 'TRG11', 2, 0, 110, 25, 110, 25, 110, 25, 110, 25, 110, 25, 110, 25, 110, 25, 110, 25 );
    insert into CUOF_MEZZANINE values ( 'CUOF_BASE', 'TRG12', 2, 0, 110, 25, 110, 25, 110, 25, 110, 25, 110, 25, 110, 25, 110, 25, 110, 25 );
    insert into CUOF_MEZZANINE values ( 'CUOF_BASE', 'TRG1', 2, 1, 110, 25, 110, 25, 110, 25, 110, 25, 110, 25, 110, 25, 110, 25, 110, 25 );
    insert into CUOF_MEZZANINE values ( 'CUOF_BASE', 'TRG2', 2, 1, 110, 25, 110, 25, 110, 25, 110, 25, 110, 25, 110, 25, 110, 25, 110, 25 );
    insert into CUOF_MEZZANINE values ( 'CUOF_BASE', 'TRG3', 2, 1, 110, 25, 110, 25, 110, 25, 110, 25, 110, 25, 110, 25, 110, 25, 110, 25 );
    insert into CUOF_MEZZANINE values ( 'CUOF_BASE', 'TRG4', 2, 1, 110, 25, 110, 25, 110, 25, 110, 25, 110, 25, 110, 25, 110, 25, 110, 25 );
    insert into CUOF_MEZZANINE values ( 'CUOF_BASE', 'TRG5', 2, 1, 110, 25, 110, 25, 110, 25, 110, 25, 110, 25, 110, 25, 110, 25, 110, 25 );
    insert into CUOF_MEZZANINE values ( 'CUOF_BASE', 'TRG6', 2, 1, 110, 25, 110, 25, 110, 25, 110, 25, 110, 25, 110, 25, 110, 25, 110, 25 );
    insert into CUOF_MEZZANINE values ( 'CUOF_BASE', 'TRG7', 2, 1, 110, 25, 110, 25, 110, 25, 110, 25, 110, 25, 110, 25, 110, 25, 110, 25 );
    insert into CUOF_MEZZANINE values ( 'CUOF_BASE', 'TRG8', 2, 1, 110, 25, 110, 25, 110, 25, 110, 25, 110, 25, 110, 25, 110, 25, 110, 25 );
    insert into CUOF_MEZZANINE values ( 'CUOF_BASE', 'TRG9', 2, 1, 110, 25, 110, 25, 110, 25, 110, 25, 110, 25, 110, 25, 110, 25, 110, 25 );
    insert into CUOF_MEZZANINE values ( 'CUOF_BASE', 'TRG10', 2, 1, 110, 25, 110, 25, 110, 25, 110, 25, 110, 25, 110, 25, 110, 25, 110, 25 );
    insert into CUOF_MEZZANINE values ( 'CUOF_BASE', 'TRG11', 2, 1, 110, 25, 110, 25, 110, 25, 110, 25, 110, 25, 110, 25, 110, 25, 110, 25 );
    insert into CUOF_MEZZANINE values ( 'CUOF_BASE', 'TRG12', 2, 1, 110, 25, 110, 25, 110, 25, 110, 25, 110, 25, 110, 25, 110, 25, 110, 25 );
    insert into CUOF_MEZZANINE values ( 'CUOF_BASE', 'TRG1', 2, 2, 110, 25, 110, 25, 110, 25, 110, 25, 110, 25, 110, 25, 110, 25, 110, 25 );
    insert into CUOF_MEZZANINE values ( 'CUOF_BASE', 'TRG2', 2, 2, 110, 25, 110, 25, 110, 25, 110, 25, 110, 25, 110, 25, 110, 25, 110, 25 );
    insert into CUOF_MEZZANINE values ( 'CUOF_BASE', 'TRG3', 2, 2, 110, 25, 110, 25, 110, 25, 110, 25, 110, 25, 110, 25, 110, 25, 110, 25 );
    insert into CUOF_MEZZANINE values ( 'CUOF_BASE', 'TRG4', 2, 2, 110, 25, 110, 25, 110, 25, 110, 25, 110, 25, 110, 25, 110, 25, 110, 25 );
    insert into CUOF_MEZZANINE values ( 'CUOF_BASE', 'TRG5', 2, 2, 110, 25, 110, 25, 110, 25, 110, 25, 110, 25, 110, 25, 110, 25, 110, 25 );
    insert into CUOF_MEZZANINE values ( 'CUOF_BASE', 'TRG6', 2, 2, 110, 25, 110, 25, 110, 25, 110, 25, 110, 25, 110, 25, 110, 25, 110, 25 );
    insert into CUOF_MEZZANINE values ( 'CUOF_BASE', 'TRG7', 2, 2, 110, 25, 110, 25, 110, 25, 110, 25, 110, 25, 110, 25, 110, 25, 110, 25 );
    insert into CUOF_MEZZANINE values ( 'CUOF_BASE', 'TRG8', 2, 2, 110, 25, 110, 25, 110, 25, 110, 25, 110, 25, 110, 25, 110, 25, 110, 25 );
    insert into CUOF_MEZZANINE values ( 'CUOF_BASE', 'TRG9', 2, 2, 110, 25, 110, 25, 110, 25, 110, 25, 110, 25, 110, 25, 110, 25, 110, 25 );
    insert into CUOF_MEZZANINE values ( 'CUOF_BASE', 'TRG10', 2, 2, 110, 25, 110, 25, 110, 25, 110, 25, 110, 25, 110, 25, 110, 25, 110, 25 );
    insert into CUOF_MEZZANINE values ( 'CUOF_BASE', 'TRG11', 2, 2, 110, 25, 110, 25, 110, 25, 110, 25, 110, 25, 110, 25, 110, 25, 110, 25 );
    insert into CUOF_MEZZANINE values ( 'CUOF_BASE', 'TRG12', 2, 2, 110, 25, 110, 25, 110, 25, 110, 25, 110, 25, 110, 25, 110, 25, 110, 25 );
    insert into CUOF_MEZZANINE values ( 'CUOF_BASE', 'TRG1', 2, 3, 110, 25, 110, 25, 110, 25, 110, 25, 110, 25, 110, 25, 110, 25, 110, 25 );
    insert into CUOF_MEZZANINE values ( 'CUOF_BASE', 'TRG2', 2, 3, 110, 25, 110, 25, 110, 25, 110, 25, 110, 25, 110, 25, 110, 25, 110, 25 );
    insert into CUOF_MEZZANINE values ( 'CUOF_BASE', 'TRG3', 2, 3, 110, 25, 110, 25, 110, 25, 110, 25, 110, 25, 110, 25, 110, 25, 110, 25 );
    insert into CUOF_MEZZANINE values ( 'CUOF_BASE', 'TRG4', 2, 3, 110, 25, 110, 25, 110, 25, 110, 25, 110, 25, 110, 25, 110, 25, 110, 25 );
    insert into CUOF_MEZZANINE values ( 'CUOF_BASE', 'TRG5', 2, 3, 110, 25, 110, 25, 110, 25, 110, 25, 110, 25, 110, 25, 110, 25, 110, 25 );
    insert into CUOF_MEZZANINE values ( 'CUOF_BASE', 'TRG6', 2, 3, 110, 25, 110, 25, 110, 25, 110, 25, 110, 25, 110, 25, 110, 25, 110, 25 );
    insert into CUOF_MEZZANINE values ( 'CUOF_BASE', 'TRG7', 2, 3, 110, 25, 110, 25, 110, 25, 110, 25, 110, 25, 110, 25, 110, 25, 110, 25 );
    insert into CUOF_MEZZANINE values ( 'CUOF_BASE', 'TRG8', 2, 3, 110, 25, 110, 25, 110, 25, 110, 25, 110, 25, 110, 25, 110, 25, 110, 25 );
    insert into CUOF_MEZZANINE values ( 'CUOF_BASE', 'TRG9', 2, 3, 110, 25, 110, 25, 110, 25, 110, 25, 110, 25, 110, 25, 110, 25, 110, 25 );
    insert into CUOF_MEZZANINE values ( 'CUOF_BASE', 'TRG10', 2, 3, 110, 25, 110, 25, 110, 25, 110, 25, 110, 25, 110, 25, 110, 25, 110, 25 );
    insert into CUOF_MEZZANINE values ( 'CUOF_BASE', 'TRG11', 2, 3, 110, 25, 110, 25, 110, 25, 110, 25, 110, 25, 110, 25, 110, 25, 110, 25 );
    insert into CUOF_MEZZANINE values ( 'CUOF_BASE', 'TRG12', 2, 3, 110, 25, 110, 25, 110, 25, 110, 25, 110, 25, 110, 25, 110, 25, 110, 25 );
    insert into CUOF_MEZZANINE values ( 'CUOF_BASE', 'TRG4-5', 2, 0, 110, 25, 110, 25, 110, 25, 110, 25, 110, 25, 110, 25, 110, 25, 110, 25 );
    insert into CUOF_MEZZANINE values ( 'CUOF_BASE', 'TRG9-10', 2, 0, 110, 25, 110, 25, 110, 25, 110, 25, 110, 25, 110, 25, 110, 25, 110, 25 );
    insert into CUOF_MEZZANINE values ( 'CUOF_BASE', 'RO1', -2, 0, 60, 60, 60, 60, 60, 60, 60, 60, 60, 60, 60, 60, 60, 60, 60, 60 );
    insert into CUOF_MEZZANINE values ( 'CUOF_BASE', 'RO2', -2, 0, 60, 60, 60, 60, 60, 60, 60, 60, 60, 60, 60, 60, 60, 60, 60, 60 );
    insert into CUOF_MEZZANINE values ( 'CUOF_BASE', 'RO3', -2, 0, 60, 60, 60, 60, 60, 60, 60, 60, 60, 60, 60, 60, 60, 60, 60, 60 );
    insert into CUOF_MEZZANINE values ( 'CUOF_BASE', 'RO4', -2, 0, 60, 60, 60, 60, 60, 60, 60, 60, 60, 60, 60, 60, 60, 60, 60, 60 );
    insert into CUOF_MEZZANINE values ( 'CUOF_BASE', 'RO5', -2, 0, 60, 60, 60, 60, 60, 60, 60, 60, 60, 60, 60, 60, 60, 60, 60, 60 );
    insert into CUOF_MEZZANINE values ( 'CUOF_BASE', 'RO6', -2, 0, 60, 60, 60, 60, 60, 60, 60, 60, 60, 60, 60, 60, 60, 60, 60, 60 );
    insert into CUOF_MEZZANINE values ( 'CUOF_BASE', 'RO7', -2, 0, 60, 60, 60, 60, 60, 60, 60, 60, 60, 60, 60, 60, 60, 60, 60, 60 );
    insert into CUOF_MEZZANINE values ( 'CUOF_BASE', 'RO8', -2, 0, 60, 60, 60, 60, 60, 60, 60, 60, 60, 60, 60, 60, 60, 60, 60, 60 );
    insert into CUOF_MEZZANINE values ( 'CUOF_BASE', 'RO9', -2, 0, 60, 60, 60, 60, 60, 60, 60, 60, 60, 60, 60, 60, 60, 60, 60, 60 );
    insert into CUOF_MEZZANINE values ( 'CUOF_BASE', 'RO10', -2, 0, 60, 60, 60, 60, 60, 60, 60, 60, 60, 60, 60, 60, 60, 60, 60, 60 );
    insert into CUOF_MEZZANINE values ( 'CUOF_BASE', 'RO11', -2, 0, 60, 60, 60, 60, 60, 60, 60, 60, 60, 60, 60, 60, 60, 60, 60, 60 );
    insert into CUOF_MEZZANINE values ( 'CUOF_BASE', 'RO12', -2, 0, 60, 60, 60, 60, 60, 60, 60, 60, 60, 60, 60, 60, 60, 60, 60, 60 );
    insert into CUOF_MEZZANINE values ( 'CUOF_BASE', 'RO1', -2, 1, 60, 60, 60, 60, 60, 60, 60, 60, 60, 60, 60, 60, 60, 60, 60, 60 );
    insert into CUOF_MEZZANINE values ( 'CUOF_BASE', 'RO2', -2, 1, 60, 60, 60, 60, 60, 60, 60, 60, 60, 60, 60, 60, 60, 60, 60, 60 );
    insert into CUOF_MEZZANINE values ( 'CUOF_BASE', 'RO3', -2, 1, 60, 60, 60, 60, 60, 60, 60, 60, 60, 60, 60, 60, 60, 60, 60, 60 );
    insert into CUOF_MEZZANINE values ( 'CUOF_BASE', 'RO4', -2, 1, 60, 60, 60, 60, 60, 60, 60, 60, 60, 60, 60, 60, 60, 60, 60, 60 );
    insert into CUOF_MEZZANINE values ( 'CUOF_BASE', 'RO5', -2, 1, 60, 60, 60, 60, 60, 60, 60, 60, 60, 60, 60, 60, 60, 60, 60, 60 );
    insert into CUOF_MEZZANINE values ( 'CUOF_BASE', 'RO6', -2, 1, 60, 60, 60, 60, 60, 60, 60, 60, 60, 60, 60, 60, 60, 60, 60, 60 );
    insert into CUOF_MEZZANINE values ( 'CUOF_BASE', 'RO7', -2, 1, 60, 60, 60, 60, 60, 60, 60, 60, 60, 60, 60, 60, 60, 60, 60, 60 );
    insert into CUOF_MEZZANINE values ( 'CUOF_BASE', 'RO8', -2, 1, 60, 60, 60, 60, 60, 60, 60, 60, 60, 60, 60, 60, 60, 60, 60, 60 );
    insert into CUOF_MEZZANINE values ( 'CUOF_BASE', 'RO9', -2, 1, 60, 60, 60, 60, 60, 60, 60, 60, 60, 60, 60, 60, 60, 60, 60, 60 );
    insert into CUOF_MEZZANINE values ( 'CUOF_BASE', 'RO10', -2, 1, 60, 60, 60, 60, 60, 60, 60, 60, 60, 60, 60, 60, 60, 60, 60, 60 );
    insert into CUOF_MEZZANINE values ( 'CUOF_BASE', 'RO11', -2, 1, 60, 60, 60, 60, 60, 60, 60, 60, 60, 60, 60, 60, 60, 60, 60, 60 );
    insert into CUOF_MEZZANINE values ( 'CUOF_BASE', 'RO12', -2, 1, 60, 60, 60, 60, 60, 60, 60, 60, 60, 60, 60, 60, 60, 60, 60, 60 );
    insert into CUOF_MEZZANINE values ( 'CUOF_BASE', 'RO1', -2, 2, 60, 60, 60, 60, 60, 60, 60, 60, 60, 60, 60, 60, 60, 60, 60, 60 );
    insert into CUOF_MEZZANINE values ( 'CUOF_BASE', 'RO2', -2, 2, 60, 60, 60, 60, 60, 60, 60, 60, 60, 60, 60, 60, 60, 60, 60, 60 );
    insert into CUOF_MEZZANINE values ( 'CUOF_BASE', 'RO3', -2, 2, 60, 60, 60, 60, 60, 60, 60, 60, 60, 60, 60, 60, 60, 60, 60, 60 );
    insert into CUOF_MEZZANINE values ( 'CUOF_BASE', 'RO4', -2, 2, 60, 60, 60, 60, 60, 60, 60, 60, 60, 60, 60, 60, 60, 60, 60, 60 );
    insert into CUOF_MEZZANINE values ( 'CUOF_BASE', 'RO5', -2, 2, 60, 60, 60, 60, 60, 60, 60, 60, 60, 60, 60, 60, 60, 60, 60, 60 );
    insert into CUOF_MEZZANINE values ( 'CUOF_BASE', 'RO6', -2, 2, 60, 60, 60, 60, 60, 60, 60, 60, 60, 60, 60, 60, 60, 60, 60, 60 );
    insert into CUOF_MEZZANINE values ( 'CUOF_BASE', 'RO7', -2, 2, 60, 60, 60, 60, 60, 60, 60, 60, 60, 60, 60, 60, 60, 60, 60, 60 );
    insert into CUOF_MEZZANINE values ( 'CUOF_BASE', 'RO8', -2, 2, 60, 60, 60, 60, 60, 60, 60, 60, 60, 60, 60, 60, 60, 60, 60, 60 );
    insert into CUOF_MEZZANINE values ( 'CUOF_BASE', 'RO9', -2, 2, 60, 60, 60, 60, 60, 60, 60, 60, 60, 60, 60, 60, 60, 60, 60, 60 );
    insert into CUOF_MEZZANINE values ( 'CUOF_BASE', 'RO10', -2, 2, 60, 60, 60, 60, 60, 60, 60, 60, 60, 60, 60, 60, 60, 60, 60, 60 );
    insert into CUOF_MEZZANINE values ( 'CUOF_BASE', 'RO11', -2, 2, 60, 60, 60, 60, 60, 60, 60, 60, 60, 60, 60, 60, 60, 60, 60, 60 );
    insert into CUOF_MEZZANINE values ( 'CUOF_BASE', 'RO12', -2, 2, 60, 60, 60, 60, 60, 60, 60, 60, 60, 60, 60, 60, 60, 60, 60, 60 );
    insert into CUOF_MEZZANINE values ( 'CUOF_BASE', 'RO1', -2, 3, 60, 60, 60, 60, 60, 60, 60, 60, 60, 60, 60, 60, 60, 60, 60, 60 );
    insert into CUOF_MEZZANINE values ( 'CUOF_BASE', 'RO2', -2, 3, 60, 60, 60, 60, 60, 60, 60, 60, 60, 60, 60, 60, 60, 60, 60, 60 );
    insert into CUOF_MEZZANINE values ( 'CUOF_BASE', 'RO3', -2, 3, 60, 60, 60, 60, 60, 60, 60, 60, 60, 60, 60, 60, 60, 60, 60, 60 );
    insert into CUOF_MEZZANINE values ( 'CUOF_BASE', 'RO4', -2, 3, 60, 60, 60, 60, 60, 60, 60, 60, 60, 60, 60, 60, 60, 60, 60, 60 );
    insert into CUOF_MEZZANINE values ( 'CUOF_BASE', 'RO5', -2, 3, 60, 60, 60, 60, 60, 60, 60, 60, 60, 60, 60, 60, 60, 60, 60, 60 );
    insert into CUOF_MEZZANINE values ( 'CUOF_BASE', 'RO6', -2, 3, 60, 60, 60, 60, 60, 60, 60, 60, 60, 60, 60, 60, 60, 60, 60, 60 );
    insert into CUOF_MEZZANINE values ( 'CUOF_BASE', 'RO7', -2, 3, 60, 60, 60, 60, 60, 60, 60, 60, 60, 60, 60, 60, 60, 60, 60, 60 );
    insert into CUOF_MEZZANINE values ( 'CUOF_BASE', 'RO8', -2, 3, 60, 60, 60, 60, 60, 60, 60, 60, 60, 60, 60, 60, 60, 60, 60, 60 );
    insert into CUOF_MEZZANINE values ( 'CUOF_BASE', 'RO9', -2, 3, 60, 60, 60, 60, 60, 60, 60, 60, 60, 60, 60, 60, 60, 60, 60, 60 );
    insert into CUOF_MEZZANINE values ( 'CUOF_BASE', 'RO10', -2, 3, 60, 60, 60, 60, 60, 60, 60, 60, 60, 60, 60, 60, 60, 60, 60, 60 );
    insert into CUOF_MEZZANINE values ( 'CUOF_BASE', 'RO11', -2, 3, 60, 60, 60, 60, 60, 60, 60, 60, 60, 60, 60, 60, 60, 60, 60, 60 );
    insert into CUOF_MEZZANINE values ( 'CUOF_BASE', 'RO12', -2, 3, 60, 60, 60, 60, 60, 60, 60, 60, 60, 60, 60, 60, 60, 60, 60, 60 );
    insert into CUOF_MEZZANINE values ( 'CUOF_BASE', 'RO1', -1, 0, 60, 60, 60, 60, 60, 60, 60, 60, 60, 60, 60, 60, 60, 60, 60, 60 );
    insert into CUOF_MEZZANINE values ( 'CUOF_BASE', 'RO2', -1, 0, 60, 60, 60, 60, 60, 60, 60, 60, 60, 60, 60, 60, 60, 60, 60, 60 );
    insert into CUOF_MEZZANINE values ( 'CUOF_BASE', 'RO3', -1, 0, 60, 60, 60, 60, 60, 60, 60, 60, 60, 60, 60, 60, 60, 60, 60, 60 );
    insert into CUOF_MEZZANINE values ( 'CUOF_BASE', 'RO4', -1, 0, 60, 60, 60, 60, 60, 60, 60, 60, 60, 60, 60, 60, 60, 60, 60, 60 );
    insert into CUOF_MEZZANINE values ( 'CUOF_BASE', 'RO5', -1, 0, 60, 60, 60, 60, 60, 60, 60, 60, 60, 60, 60, 60, 60, 60, 60, 60 );
    insert into CUOF_MEZZANINE values ( 'CUOF_BASE', 'RO6', -1, 0, 60, 60, 60, 60, 60, 60, 60, 60, 60, 60, 60, 60, 60, 60, 60, 60 );
    insert into CUOF_MEZZANINE values ( 'CUOF_BASE', 'RO7', -1, 0, 60, 60, 60, 60, 60, 60, 60, 60, 60, 60, 60, 60, 60, 60, 60, 60 );
    insert into CUOF_MEZZANINE values ( 'CUOF_BASE', 'RO8', -1, 0, 60, 60, 60, 60, 60, 60, 60, 60, 60, 60, 60, 60, 60, 60, 60, 60 );
    insert into CUOF_MEZZANINE values ( 'CUOF_BASE', 'RO9', -1, 0, 60, 60, 60, 60, 60, 60, 60, 60, 60, 60, 60, 60, 60, 60, 60, 60 );
    insert into CUOF_MEZZANINE values ( 'CUOF_BASE', 'RO10', -1, 0, 60, 60, 60, 60, 60, 60, 60, 60, 60, 60, 60, 60, 60, 60, 60, 60 );
    insert into CUOF_MEZZANINE values ( 'CUOF_BASE', 'RO11', -1, 0, 60, 60, 60, 60, 60, 60, 60, 60, 60, 60, 60, 60, 60, 60, 60, 60 );
    insert into CUOF_MEZZANINE values ( 'CUOF_BASE', 'RO12', -1, 0, 60, 60, 60, 60, 60, 60, 60, 60, 60, 60, 60, 60, 60, 60, 60, 60 );
    insert into CUOF_MEZZANINE values ( 'CUOF_BASE', 'RO1', -1, 1, 60, 60, 60, 60, 60, 60, 60, 60, 60, 60, 60, 60, 60, 60, 60, 60 );
    insert into CUOF_MEZZANINE values ( 'CUOF_BASE', 'RO2', -1, 1, 60, 60, 60, 60, 60, 60, 60, 60, 60, 60, 60, 60, 60, 60, 60, 60 );
    insert into CUOF_MEZZANINE values ( 'CUOF_BASE', 'RO3', -1, 1, 60, 60, 60, 60, 60, 60, 60, 60, 60, 60, 60, 60, 60, 60, 60, 60 );
    insert into CUOF_MEZZANINE values ( 'CUOF_BASE', 'RO4', -1, 1, 60, 60, 60, 60, 60, 60, 60, 60, 60, 60, 60, 60, 60, 60, 60, 60 );
    insert into CUOF_MEZZANINE values ( 'CUOF_BASE', 'RO5', -1, 1, 60, 60, 60, 60, 60, 60, 60, 60, 60, 60, 60, 60, 60, 60, 60, 60 );
    insert into CUOF_MEZZANINE values ( 'CUOF_BASE', 'RO6', -1, 1, 60, 60, 60, 60, 60, 60, 60, 60, 60, 60, 60, 60, 60, 60, 60, 60 );
    insert into CUOF_MEZZANINE values ( 'CUOF_BASE', 'RO7', -1, 1, 60, 60, 60, 60, 60, 60, 60, 60, 60, 60, 60, 60, 60, 60, 60, 60 );
    insert into CUOF_MEZZANINE values ( 'CUOF_BASE', 'RO8', -1, 1, 60, 60, 60, 60, 60, 60, 60, 60, 60, 60, 60, 60, 60, 60, 60, 60 );
    insert into CUOF_MEZZANINE values ( 'CUOF_BASE', 'RO9', -1, 1, 60, 60, 60, 60, 60, 60, 60, 60, 60, 60, 60, 60, 60, 60, 60, 60 );
    insert into CUOF_MEZZANINE values ( 'CUOF_BASE', 'RO10', -1, 1, 60, 60, 60, 60, 60, 60, 60, 60, 60, 60, 60, 60, 60, 60, 60, 60 );
    insert into CUOF_MEZZANINE values ( 'CUOF_BASE', 'RO11', -1, 1, 60, 60, 60, 60, 60, 60, 60, 60, 60, 60, 60, 60, 60, 60, 60, 60 );
    insert into CUOF_MEZZANINE values ( 'CUOF_BASE', 'RO12', -1, 1, 60, 60, 60, 60, 60, 60, 60, 60, 60, 60, 60, 60, 60, 60, 60, 60 );
    insert into CUOF_MEZZANINE values ( 'CUOF_BASE', 'RO1', -1, 2, 60, 60, 60, 60, 60, 60, 60, 60, 60, 60, 60, 60, 60, 60, 60, 60 );
    insert into CUOF_MEZZANINE values ( 'CUOF_BASE', 'RO2', -1, 2, 60, 60, 60, 60, 60, 60, 60, 60, 60, 60, 60, 60, 60, 60, 60, 60 );
    insert into CUOF_MEZZANINE values ( 'CUOF_BASE', 'RO3', -1, 2, 60, 60, 60, 60, 60, 60, 60, 60, 60, 60, 60, 60, 60, 60, 60, 60 );
    insert into CUOF_MEZZANINE values ( 'CUOF_BASE', 'RO4', -1, 2, 60, 60, 60, 60, 60, 60, 60, 60, 60, 60, 60, 60, 60, 60, 60, 60 );
    insert into CUOF_MEZZANINE values ( 'CUOF_BASE', 'RO5', -1, 2, 60, 60, 60, 60, 60, 60, 60, 60, 60, 60, 60, 60, 60, 60, 60, 60 );
    insert into CUOF_MEZZANINE values ( 'CUOF_BASE', 'RO6', -1, 2, 60, 60, 60, 60, 60, 60, 60, 60, 60, 60, 60, 60, 60, 60, 60, 60 );
    insert into CUOF_MEZZANINE values ( 'CUOF_BASE', 'RO7', -1, 2, 60, 60, 60, 60, 60, 60, 60, 60, 60, 60, 60, 60, 60, 60, 60, 60 );
    insert into CUOF_MEZZANINE values ( 'CUOF_BASE', 'RO8', -1, 2, 60, 60, 60, 60, 60, 60, 60, 60, 60, 60, 60, 60, 60, 60, 60, 60 );
    insert into CUOF_MEZZANINE values ( 'CUOF_BASE', 'RO9', -1, 2, 60, 60, 60, 60, 60, 60, 60, 60, 60, 60, 60, 60, 60, 60, 60, 60 );
    insert into CUOF_MEZZANINE values ( 'CUOF_BASE', 'RO10', -1, 2, 60, 60, 60, 60, 60, 60, 60, 60, 60, 60, 60, 60, 60, 60, 60, 60 );
    insert into CUOF_MEZZANINE values ( 'CUOF_BASE', 'RO11', -1, 2, 60, 60, 60, 60, 60, 60, 60, 60, 60, 60, 60, 60, 60, 60, 60, 60 );
    insert into CUOF_MEZZANINE values ( 'CUOF_BASE', 'RO12', -1, 2, 60, 60, 60, 60, 60, 60, 60, 60, 60, 60, 60, 60, 60, 60, 60, 60 );
    insert into CUOF_MEZZANINE values ( 'CUOF_BASE', 'RO1', -1, 3, 60, 60, 60, 60, 60, 60, 60, 60, 60, 60, 60, 60, 60, 60, 60, 60 );
    insert into CUOF_MEZZANINE values ( 'CUOF_BASE', 'RO2', -1, 3, 60, 60, 60, 60, 60, 60, 60, 60, 60, 60, 60, 60, 60, 60, 60, 60 );
    insert into CUOF_MEZZANINE values ( 'CUOF_BASE', 'RO3', -1, 3, 60, 60, 60, 60, 60, 60, 60, 60, 60, 60, 60, 60, 60, 60, 60, 60 );
    insert into CUOF_MEZZANINE values ( 'CUOF_BASE', 'RO4', -1, 3, 60, 60, 60, 60, 60, 60, 60, 60, 60, 60, 60, 60, 60, 60, 60, 60 );
    insert into CUOF_MEZZANINE values ( 'CUOF_BASE', 'RO5', -1, 3, 60, 60, 60, 60, 60, 60, 60, 60, 60, 60, 60, 60, 60, 60, 60, 60 );
    insert into CUOF_MEZZANINE values ( 'CUOF_BASE', 'RO6', -1, 3, 60, 60, 60, 60, 60, 60, 60, 60, 60, 60, 60, 60, 60, 60, 60, 60 );
    insert into CUOF_MEZZANINE values ( 'CUOF_BASE', 'RO7', -1, 3, 60, 60, 60, 60, 60, 60, 60, 60, 60, 60, 60, 60, 60, 60, 60, 60 );
    insert into CUOF_MEZZANINE values ( 'CUOF_BASE', 'RO8', -1, 3, 60, 60, 60, 60, 60, 60, 60, 60, 60, 60, 60, 60, 60, 60, 60, 60 );
    insert into CUOF_MEZZANINE values ( 'CUOF_BASE', 'RO9', -1, 3, 60, 60, 60, 60, 60, 60, 60, 60, 60, 60, 60, 60, 60, 60, 60, 60 );
    insert into CUOF_MEZZANINE values ( 'CUOF_BASE', 'RO10', -1, 3, 60, 60, 60, 60, 60, 60, 60, 60, 60, 60, 60, 60, 60, 60, 60, 60 );
    insert into CUOF_MEZZANINE values ( 'CUOF_BASE', 'RO11', -1, 3, 60, 60, 60, 60, 60, 60, 60, 60, 60, 60, 60, 60, 60, 60, 60, 60 );
    insert into CUOF_MEZZANINE values ( 'CUOF_BASE', 'RO12', -1, 3, 60, 60, 60, 60, 60, 60, 60, 60, 60, 60, 60, 60, 60, 60, 60, 60 );
    insert into CUOF_MEZZANINE values ( 'CUOF_BASE', 'RO1', 0, 0, 60, 60, 60, 60, 60, 60, 60, 60, 60, 60, 60, 60, 60, 60, 60, 60 );
    insert into CUOF_MEZZANINE values ( 'CUOF_BASE', 'RO2', 0, 0, 60, 60, 60, 60, 60, 60, 60, 60, 60, 60, 60, 60, 60, 60, 60, 60 );
    insert into CUOF_MEZZANINE values ( 'CUOF_BASE', 'RO3', 0, 0, 60, 60, 60, 60, 60, 60, 60, 60, 60, 60, 60, 60, 60, 60, 60, 60 );
    insert into CUOF_MEZZANINE values ( 'CUOF_BASE', 'RO4', 0, 0, 60, 60, 60, 60, 60, 60, 60, 60, 60, 60, 60, 60, 60, 60, 60, 60 );
    insert into CUOF_MEZZANINE values ( 'CUOF_BASE', 'RO5', 0, 0, 60, 60, 60, 60, 60, 60, 60, 60, 60, 60, 60, 60, 60, 60, 60, 60 );
    insert into CUOF_MEZZANINE values ( 'CUOF_BASE', 'RO6', 0, 0, 60, 60, 60, 60, 60, 60, 60, 60, 60, 60, 60, 60, 60, 60, 60, 60 );
    insert into CUOF_MEZZANINE values ( 'CUOF_BASE', 'RO7', 0, 0, 60, 60, 60, 60, 60, 60, 60, 60, 60, 60, 60, 60, 60, 60, 60, 60 );
    insert into CUOF_MEZZANINE values ( 'CUOF_BASE', 'RO8', 0, 0, 60, 60, 60, 60, 60, 60, 60, 60, 60, 60, 60, 60, 60, 60, 60, 60 );
    insert into CUOF_MEZZANINE values ( 'CUOF_BASE', 'RO9', 0, 0, 60, 60, 60, 60, 60, 60, 60, 60, 60, 60, 60, 60, 60, 60, 60, 60 );
    insert into CUOF_MEZZANINE values ( 'CUOF_BASE', 'RO10', 0, 0, 60, 60, 60, 60, 60, 60, 60, 60, 60, 60, 60, 60, 60, 60, 60, 60 );
    insert into CUOF_MEZZANINE values ( 'CUOF_BASE', 'RO11', 0, 0, 60, 60, 60, 60, 60, 60, 60, 60, 60, 60, 60, 60, 60, 60, 60, 60 );
    insert into CUOF_MEZZANINE values ( 'CUOF_BASE', 'RO12', 0, 0, 60, 60, 60, 60, 60, 60, 60, 60, 60, 60, 60, 60, 60, 60, 60, 60 );
    insert into CUOF_MEZZANINE values ( 'CUOF_BASE', 'RO1', 0, 1, 60, 60, 60, 60, 60, 60, 60, 60, 60, 60, 60, 60, 60, 60, 60, 60 );
    insert into CUOF_MEZZANINE values ( 'CUOF_BASE', 'RO2', 0, 1, 60, 60, 60, 60, 60, 60, 60, 60, 60, 60, 60, 60, 60, 60, 60, 60 );
    insert into CUOF_MEZZANINE values ( 'CUOF_BASE', 'RO3', 0, 1, 60, 60, 60, 60, 60, 60, 60, 60, 60, 60, 60, 60, 60, 60, 60, 60 );
    insert into CUOF_MEZZANINE values ( 'CUOF_BASE', 'RO4', 0, 1, 60, 60, 60, 60, 60, 60, 60, 60, 60, 60, 60, 60, 60, 60, 60, 60 );
    insert into CUOF_MEZZANINE values ( 'CUOF_BASE', 'RO5', 0, 1, 60, 60, 60, 60, 60, 60, 60, 60, 60, 60, 60, 60, 60, 60, 60, 60 );
    insert into CUOF_MEZZANINE values ( 'CUOF_BASE', 'RO6', 0, 1, 60, 60, 60, 60, 60, 60, 60, 60, 60, 60, 60, 60, 60, 60, 60, 60 );
    insert into CUOF_MEZZANINE values ( 'CUOF_BASE', 'RO7', 0, 1, 60, 60, 60, 60, 60, 60, 60, 60, 60, 60, 60, 60, 60, 60, 60, 60 );
    insert into CUOF_MEZZANINE values ( 'CUOF_BASE', 'RO8', 0, 1, 60, 60, 60, 60, 60, 60, 60, 60, 60, 60, 60, 60, 60, 60, 60, 60 );
    insert into CUOF_MEZZANINE values ( 'CUOF_BASE', 'RO9', 0, 1, 60, 60, 60, 60, 60, 60, 60, 60, 60, 60, 60, 60, 60, 60, 60, 60 );
    insert into CUOF_MEZZANINE values ( 'CUOF_BASE', 'RO10', 0, 1, 60, 60, 60, 60, 60, 60, 60, 60, 60, 60, 60, 60, 60, 60, 60, 60 );
    insert into CUOF_MEZZANINE values ( 'CUOF_BASE', 'RO11', 0, 1, 60, 60, 60, 60, 60, 60, 60, 60, 60, 60, 60, 60, 60, 60, 60, 60 );
    insert into CUOF_MEZZANINE values ( 'CUOF_BASE', 'RO12', 0, 1, 60, 60, 60, 60, 60, 60, 60, 60, 60, 60, 60, 60, 60, 60, 60, 60 );
    insert into CUOF_MEZZANINE values ( 'CUOF_BASE', 'RO1', 0, 2, 60, 60, 60, 60, 60, 60, 60, 60, 60, 60, 60, 60, 60, 60, 60, 60 );
    insert into CUOF_MEZZANINE values ( 'CUOF_BASE', 'RO2', 0, 2, 60, 60, 60, 60, 60, 60, 60, 60, 60, 60, 60, 60, 60, 60, 60, 60 );
    insert into CUOF_MEZZANINE values ( 'CUOF_BASE', 'RO3', 0, 2, 60, 60, 60, 60, 60, 60, 60, 60, 60, 60, 60, 60, 60, 60, 60, 60 );
    insert into CUOF_MEZZANINE values ( 'CUOF_BASE', 'RO4', 0, 2, 60, 60, 60, 60, 60, 60, 60, 60, 60, 60, 60, 60, 60, 60, 60, 60 );
    insert into CUOF_MEZZANINE values ( 'CUOF_BASE', 'RO5', 0, 2, 60, 60, 60, 60, 60, 60, 60, 60, 60, 60, 60, 60, 60, 60, 60, 60 );
    insert into CUOF_MEZZANINE values ( 'CUOF_BASE', 'RO6', 0, 2, 60, 60, 60, 60, 60, 60, 60, 60, 60, 60, 60, 60, 60, 60, 60, 60 );
    insert into CUOF_MEZZANINE values ( 'CUOF_BASE', 'RO7', 0, 2, 60, 60, 60, 60, 60, 60, 60, 60, 60, 60, 60, 60, 60, 60, 60, 60 );
    insert into CUOF_MEZZANINE values ( 'CUOF_BASE', 'RO8', 0, 2, 60, 60, 60, 60, 60, 60, 60, 60, 60, 60, 60, 60, 60, 60, 60, 60 );
    insert into CUOF_MEZZANINE values ( 'CUOF_BASE', 'RO9', 0, 2, 60, 60, 60, 60, 60, 60, 60, 60, 60, 60, 60, 60, 60, 60, 60, 60 );
    insert into CUOF_MEZZANINE values ( 'CUOF_BASE', 'RO10', 0, 2, 60, 60, 60, 60, 60, 60, 60, 60, 60, 60, 60, 60, 60, 60, 60, 60 );
    insert into CUOF_MEZZANINE values ( 'CUOF_BASE', 'RO11', 0, 2, 60, 60, 60, 60, 60, 60, 60, 60, 60, 60, 60, 60, 60, 60, 60, 60 );
    insert into CUOF_MEZZANINE values ( 'CUOF_BASE', 'RO12', 0, 2, 60, 60, 60, 60, 60, 60, 60, 60, 60, 60, 60, 60, 60, 60, 60, 60 );
    insert into CUOF_MEZZANINE values ( 'CUOF_BASE', 'RO1', 0, 3, 60, 60, 60, 60, 60, 60, 60, 60, 60, 60, 60, 60, 60, 60, 60, 60 );
    insert into CUOF_MEZZANINE values ( 'CUOF_BASE', 'RO2', 0, 3, 60, 60, 60, 60, 60, 60, 60, 60, 60, 60, 60, 60, 60, 60, 60, 60 );
    insert into CUOF_MEZZANINE values ( 'CUOF_BASE', 'RO3', 0, 3, 60, 60, 60, 60, 60, 60, 60, 60, 60, 60, 60, 60, 60, 60, 60, 60 );
    insert into CUOF_MEZZANINE values ( 'CUOF_BASE', 'RO4', 0, 3, 60, 60, 60, 60, 60, 60, 60, 60, 60, 60, 60, 60, 60, 60, 60, 60 );
    insert into CUOF_MEZZANINE values ( 'CUOF_BASE', 'RO5', 0, 3, 60, 60, 60, 60, 60, 60, 60, 60, 60, 60, 60, 60, 60, 60, 60, 60 );
    insert into CUOF_MEZZANINE values ( 'CUOF_BASE', 'RO6', 0, 3, 60, 60, 60, 60, 60, 60, 60, 60, 60, 60, 60, 60, 60, 60, 60, 60 );
    insert into CUOF_MEZZANINE values ( 'CUOF_BASE', 'RO7', 0, 3, 60, 60, 60, 60, 60, 60, 60, 60, 60, 60, 60, 60, 60, 60, 60, 60 );
    insert into CUOF_MEZZANINE values ( 'CUOF_BASE', 'RO8', 0, 3, 60, 60, 60, 60, 60, 60, 60, 60, 60, 60, 60, 60, 60, 60, 60, 60 );
    insert into CUOF_MEZZANINE values ( 'CUOF_BASE', 'RO9', 0, 3, 60, 60, 60, 60, 60, 60, 60, 60, 60, 60, 60, 60, 60, 60, 60, 60 );
    insert into CUOF_MEZZANINE values ( 'CUOF_BASE', 'RO10', 0, 3, 60, 60, 60, 60, 60, 60, 60, 60, 60, 60, 60, 60, 60, 60, 60, 60 );
    insert into CUOF_MEZZANINE values ( 'CUOF_BASE', 'RO11', 0, 3, 60, 60, 60, 60, 60, 60, 60, 60, 60, 60, 60, 60, 60, 60, 60, 60 );
    insert into CUOF_MEZZANINE values ( 'CUOF_BASE', 'RO12', 0, 3, 60, 60, 60, 60, 60, 60, 60, 60, 60, 60, 60, 60, 60, 60, 60, 60 );
    insert into CUOF_MEZZANINE values ( 'CUOF_BASE', 'RO1', 1, 0, 60, 60, 60, 60, 60, 60, 60, 60, 60, 60, 60, 60, 60, 60, 60, 60 );
    insert into CUOF_MEZZANINE values ( 'CUOF_BASE', 'RO2', 1, 0, 60, 60, 60, 60, 60, 60, 60, 60, 60, 60, 60, 60, 60, 60, 60, 60 );
    insert into CUOF_MEZZANINE values ( 'CUOF_BASE', 'RO3', 1, 0, 60, 60, 60, 60, 60, 60, 60, 60, 60, 60, 60, 60, 60, 60, 60, 60 );
    insert into CUOF_MEZZANINE values ( 'CUOF_BASE', 'RO4', 1, 0, 60, 60, 60, 60, 60, 60, 60, 60, 60, 60, 60, 60, 60, 60, 60, 60 );
    insert into CUOF_MEZZANINE values ( 'CUOF_BASE', 'RO5', 1, 0, 60, 60, 60, 60, 60, 60, 60, 60, 60, 60, 60, 60, 60, 60, 60, 60 );
    insert into CUOF_MEZZANINE values ( 'CUOF_BASE', 'RO6', 1, 0, 60, 60, 60, 60, 60, 60, 60, 60, 60, 60, 60, 60, 60, 60, 60, 60 );
    insert into CUOF_MEZZANINE values ( 'CUOF_BASE', 'RO7', 1, 0, 60, 60, 60, 60, 60, 60, 60, 60, 60, 60, 60, 60, 60, 60, 60, 60 );
    insert into CUOF_MEZZANINE values ( 'CUOF_BASE', 'RO8', 1, 0, 60, 60, 60, 60, 60, 60, 60, 60, 60, 60, 60, 60, 60, 60, 60, 60 );
    insert into CUOF_MEZZANINE values ( 'CUOF_BASE', 'RO9', 1, 0, 60, 60, 60, 60, 60, 60, 60, 60, 60, 60, 60, 60, 60, 60, 60, 60 );
    insert into CUOF_MEZZANINE values ( 'CUOF_BASE', 'RO10', 1, 0, 60, 60, 60, 60, 60, 60, 60, 60, 60, 60, 60, 60, 60, 60, 60, 60 );
    insert into CUOF_MEZZANINE values ( 'CUOF_BASE', 'RO11', 1, 0, 60, 60, 60, 60, 60, 60, 60, 60, 60, 60, 60, 60, 60, 60, 60, 60 );
    insert into CUOF_MEZZANINE values ( 'CUOF_BASE', 'RO12', 1, 0, 60, 60, 60, 60, 60, 60, 60, 60, 60, 60, 60, 60, 60, 60, 60, 60 );
    insert into CUOF_MEZZANINE values ( 'CUOF_BASE', 'RO1', 1, 1, 60, 60, 60, 60, 60, 60, 60, 60, 60, 60, 60, 60, 60, 60, 60, 60 );
    insert into CUOF_MEZZANINE values ( 'CUOF_BASE', 'RO2', 1, 1, 60, 60, 60, 60, 60, 60, 60, 60, 60, 60, 60, 60, 60, 60, 60, 60 );
    insert into CUOF_MEZZANINE values ( 'CUOF_BASE', 'RO3', 1, 1, 60, 60, 60, 60, 60, 60, 60, 60, 60, 60, 60, 60, 60, 60, 60, 60 );
    insert into CUOF_MEZZANINE values ( 'CUOF_BASE', 'RO4', 1, 1, 60, 60, 60, 60, 60, 60, 60, 60, 60, 60, 60, 60, 60, 60, 60, 60 );
    insert into CUOF_MEZZANINE values ( 'CUOF_BASE', 'RO5', 1, 1, 60, 60, 60, 60, 60, 60, 60, 60, 60, 60, 60, 60, 60, 60, 60, 60 );
    insert into CUOF_MEZZANINE values ( 'CUOF_BASE', 'RO6', 1, 1, 60, 60, 60, 60, 60, 60, 60, 60, 60, 60, 60, 60, 60, 60, 60, 60 );
    insert into CUOF_MEZZANINE values ( 'CUOF_BASE', 'RO7', 1, 1, 60, 60, 60, 60, 60, 60, 60, 60, 60, 60, 60, 60, 60, 60, 60, 60 );
    insert into CUOF_MEZZANINE values ( 'CUOF_BASE', 'RO8', 1, 1, 60, 60, 60, 60, 60, 60, 60, 60, 60, 60, 60, 60, 60, 60, 60, 60 );
    insert into CUOF_MEZZANINE values ( 'CUOF_BASE', 'RO9', 1, 1, 60, 60, 60, 60, 60, 60, 60, 60, 60, 60, 60, 60, 60, 60, 60, 60 );
    insert into CUOF_MEZZANINE values ( 'CUOF_BASE', 'RO10', 1, 1, 60, 60, 60, 60, 60, 60, 60, 60, 60, 60, 60, 60, 60, 60, 60, 60 );
    insert into CUOF_MEZZANINE values ( 'CUOF_BASE', 'RO11', 1, 1, 60, 60, 60, 60, 60, 60, 60, 60, 60, 60, 60, 60, 60, 60, 60, 60 );
    insert into CUOF_MEZZANINE values ( 'CUOF_BASE', 'RO12', 1, 1, 60, 60, 60, 60, 60, 60, 60, 60, 60, 60, 60, 60, 60, 60, 60, 60 );
    insert into CUOF_MEZZANINE values ( 'CUOF_BASE', 'RO1', 1, 2, 60, 60, 60, 60, 60, 60, 60, 60, 60, 60, 60, 60, 60, 60, 60, 60 );
    insert into CUOF_MEZZANINE values ( 'CUOF_BASE', 'RO2', 1, 2, 60, 60, 60, 60, 60, 60, 60, 60, 60, 60, 60, 60, 60, 60, 60, 60 );
    insert into CUOF_MEZZANINE values ( 'CUOF_BASE', 'RO3', 1, 2, 60, 60, 60, 60, 60, 60, 60, 60, 60, 60, 60, 60, 60, 60, 60, 60 );
    insert into CUOF_MEZZANINE values ( 'CUOF_BASE', 'RO4', 1, 2, 60, 60, 60, 60, 60, 60, 60, 60, 60, 60, 60, 60, 60, 60, 60, 60 );
    insert into CUOF_MEZZANINE values ( 'CUOF_BASE', 'RO5', 1, 2, 60, 60, 60, 60, 60, 60, 60, 60, 60, 60, 60, 60, 60, 60, 60, 60 );
    insert into CUOF_MEZZANINE values ( 'CUOF_BASE', 'RO6', 1, 2, 60, 60, 60, 60, 60, 60, 60, 60, 60, 60, 60, 60, 60, 60, 60, 60 );
    insert into CUOF_MEZZANINE values ( 'CUOF_BASE', 'RO7', 1, 2, 60, 60, 60, 60, 60, 60, 60, 60, 60, 60, 60, 60, 60, 60, 60, 60 );
    insert into CUOF_MEZZANINE values ( 'CUOF_BASE', 'RO8', 1, 2, 60, 60, 60, 60, 60, 60, 60, 60, 60, 60, 60, 60, 60, 60, 60, 60 );
    insert into CUOF_MEZZANINE values ( 'CUOF_BASE', 'RO9', 1, 2, 60, 60, 60, 60, 60, 60, 60, 60, 60, 60, 60, 60, 60, 60, 60, 60 );
    insert into CUOF_MEZZANINE values ( 'CUOF_BASE', 'RO10', 1, 2, 60, 60, 60, 60, 60, 60, 60, 60, 60, 60, 60, 60, 60, 60, 60, 60 );
    insert into CUOF_MEZZANINE values ( 'CUOF_BASE', 'RO11', 1, 2, 60, 60, 60, 60, 60, 60, 60, 60, 60, 60, 60, 60, 60, 60, 60, 60 );
    insert into CUOF_MEZZANINE values ( 'CUOF_BASE', 'RO12', 1, 2, 60, 60, 60, 60, 60, 60, 60, 60, 60, 60, 60, 60, 60, 60, 60, 60 );
    insert into CUOF_MEZZANINE values ( 'CUOF_BASE', 'RO1', 1, 3, 60, 60, 60, 60, 60, 60, 60, 60, 60, 60, 60, 60, 60, 60, 60, 60 );
    insert into CUOF_MEZZANINE values ( 'CUOF_BASE', 'RO2', 1, 3, 60, 60, 60, 60, 60, 60, 60, 60, 60, 60, 60, 60, 60, 60, 60, 60 );
    insert into CUOF_MEZZANINE values ( 'CUOF_BASE', 'RO3', 1, 3, 60, 60, 60, 60, 60, 60, 60, 60, 60, 60, 60, 60, 60, 60, 60, 60 );
    insert into CUOF_MEZZANINE values ( 'CUOF_BASE', 'RO4', 1, 3, 60, 60, 60, 60, 60, 60, 60, 60, 60, 60, 60, 60, 60, 60, 60, 60 );
    insert into CUOF_MEZZANINE values ( 'CUOF_BASE', 'RO5', 1, 3, 60, 60, 60, 60, 60, 60, 60, 60, 60, 60, 60, 60, 60, 60, 60, 60 );
    insert into CUOF_MEZZANINE values ( 'CUOF_BASE', 'RO6', 1, 3, 60, 60, 60, 60, 60, 60, 60, 60, 60, 60, 60, 60, 60, 60, 60, 60 );
    insert into CUOF_MEZZANINE values ( 'CUOF_BASE', 'RO7', 1, 3, 60, 60, 60, 60, 60, 60, 60, 60, 60, 60, 60, 60, 60, 60, 60, 60 );
    insert into CUOF_MEZZANINE values ( 'CUOF_BASE', 'RO8', 1, 3, 60, 60, 60, 60, 60, 60, 60, 60, 60, 60, 60, 60, 60, 60, 60, 60 );
    insert into CUOF_MEZZANINE values ( 'CUOF_BASE', 'RO9', 1, 3, 60, 60, 60, 60, 60, 60, 60, 60, 60, 60, 60, 60, 60, 60, 60, 60 );
    insert into CUOF_MEZZANINE values ( 'CUOF_BASE', 'RO10', 1, 3, 60, 60, 60, 60, 60, 60, 60, 60, 60, 60, 60, 60, 60, 60, 60, 60 );
    insert into CUOF_MEZZANINE values ( 'CUOF_BASE', 'RO11', 1, 3, 60, 60, 60, 60, 60, 60, 60, 60, 60, 60, 60, 60, 60, 60, 60, 60 );
    insert into CUOF_MEZZANINE values ( 'CUOF_BASE', 'RO12', 1, 3, 60, 60, 60, 60, 60, 60, 60, 60, 60, 60, 60, 60, 60, 60, 60, 60 );
    insert into CUOF_MEZZANINE values ( 'CUOF_BASE', 'RO1', 2, 0, 60, 60, 60, 60, 60, 60, 60, 60, 60, 60, 60, 60, 60, 60, 60, 60 );
    insert into CUOF_MEZZANINE values ( 'CUOF_BASE', 'RO2', 2, 0, 60, 60, 60, 60, 60, 60, 60, 60, 60, 60, 60, 60, 60, 60, 60, 60 );
    insert into CUOF_MEZZANINE values ( 'CUOF_BASE', 'RO3', 2, 0, 60, 60, 60, 60, 60, 60, 60, 60, 60, 60, 60, 60, 60, 60, 60, 60 );
    insert into CUOF_MEZZANINE values ( 'CUOF_BASE', 'RO4', 2, 0, 60, 60, 60, 60, 60, 60, 60, 60, 60, 60, 60, 60, 60, 60, 60, 60 );
    insert into CUOF_MEZZANINE values ( 'CUOF_BASE', 'RO5', 2, 0, 60, 60, 60, 60, 60, 60, 60, 60, 60, 60, 60, 60, 60, 60, 60, 60 );
    insert into CUOF_MEZZANINE values ( 'CUOF_BASE', 'RO6', 2, 0, 60, 60, 60, 60, 60, 60, 60, 60, 60, 60, 60, 60, 60, 60, 60, 60 );
    insert into CUOF_MEZZANINE values ( 'CUOF_BASE', 'RO7', 2, 0, 60, 60, 60, 60, 60, 60, 60, 60, 60, 60, 60, 60, 60, 60, 60, 60 );
    insert into CUOF_MEZZANINE values ( 'CUOF_BASE', 'RO8', 2, 0, 60, 60, 60, 60, 60, 60, 60, 60, 60, 60, 60, 60, 60, 60, 60, 60 );
    insert into CUOF_MEZZANINE values ( 'CUOF_BASE', 'RO9', 2, 0, 60, 60, 60, 60, 60, 60, 60, 60, 60, 60, 60, 60, 60, 60, 60, 60 );
    insert into CUOF_MEZZANINE values ( 'CUOF_BASE', 'RO10', 2, 0, 60, 60, 60, 60, 60, 60, 60, 60, 60, 60, 60, 60, 60, 60, 60, 60 );
    insert into CUOF_MEZZANINE values ( 'CUOF_BASE', 'RO11', 2, 0, 60, 60, 60, 60, 60, 60, 60, 60, 60, 60, 60, 60, 60, 60, 60, 60 );
    insert into CUOF_MEZZANINE values ( 'CUOF_BASE', 'RO12', 2, 0, 60, 60, 60, 60, 60, 60, 60, 60, 60, 60, 60, 60, 60, 60, 60, 60 );
    insert into CUOF_MEZZANINE values ( 'CUOF_BASE', 'RO1', 2, 1, 60, 60, 60, 60, 60, 60, 60, 60, 60, 60, 60, 60, 60, 60, 60, 60 );
    insert into CUOF_MEZZANINE values ( 'CUOF_BASE', 'RO2', 2, 1, 60, 60, 60, 60, 60, 60, 60, 60, 60, 60, 60, 60, 60, 60, 60, 60 );
    insert into CUOF_MEZZANINE values ( 'CUOF_BASE', 'RO3', 2, 1, 60, 60, 60, 60, 60, 60, 60, 60, 60, 60, 60, 60, 60, 60, 60, 60 );
    insert into CUOF_MEZZANINE values ( 'CUOF_BASE', 'RO4', 2, 1, 60, 60, 60, 60, 60, 60, 60, 60, 60, 60, 60, 60, 60, 60, 60, 60 );
    insert into CUOF_MEZZANINE values ( 'CUOF_BASE', 'RO5', 2, 1, 60, 60, 60, 60, 60, 60, 60, 60, 60, 60, 60, 60, 60, 60, 60, 60 );
    insert into CUOF_MEZZANINE values ( 'CUOF_BASE', 'RO6', 2, 1, 60, 60, 60, 60, 60, 60, 60, 60, 60, 60, 60, 60, 60, 60, 60, 60 );
    insert into CUOF_MEZZANINE values ( 'CUOF_BASE', 'RO7', 2, 1, 60, 60, 60, 60, 60, 60, 60, 60, 60, 60, 60, 60, 60, 60, 60, 60 );
    insert into CUOF_MEZZANINE values ( 'CUOF_BASE', 'RO8', 2, 1, 60, 60, 60, 60, 60, 60, 60, 60, 60, 60, 60, 60, 60, 60, 60, 60 );
    insert into CUOF_MEZZANINE values ( 'CUOF_BASE', 'RO9', 2, 1, 60, 60, 60, 60, 60, 60, 60, 60, 60, 60, 60, 60, 60, 60, 60, 60 );
    insert into CUOF_MEZZANINE values ( 'CUOF_BASE', 'RO10', 2, 1, 60, 60, 60, 60, 60, 60, 60, 60, 60, 60, 60, 60, 60, 60, 60, 60 );
    insert into CUOF_MEZZANINE values ( 'CUOF_BASE', 'RO11', 2, 1, 60, 60, 60, 60, 60, 60, 60, 60, 60, 60, 60, 60, 60, 60, 60, 60 );
    insert into CUOF_MEZZANINE values ( 'CUOF_BASE', 'RO12', 2, 1, 60, 60, 60, 60, 60, 60, 60, 60, 60, 60, 60, 60, 60, 60, 60, 60 );
    insert into CUOF_MEZZANINE values ( 'CUOF_BASE', 'RO1', 2, 2, 60, 60, 60, 60, 60, 60, 60, 60, 60, 60, 60, 60, 60, 60, 60, 60 );
    insert into CUOF_MEZZANINE values ( 'CUOF_BASE', 'RO2', 2, 2, 60, 60, 60, 60, 60, 60, 60, 60, 60, 60, 60, 60, 60, 60, 60, 60 );
    insert into CUOF_MEZZANINE values ( 'CUOF_BASE', 'RO3', 2, 2, 60, 60, 60, 60, 60, 60, 60, 60, 60, 60, 60, 60, 60, 60, 60, 60 );
    insert into CUOF_MEZZANINE values ( 'CUOF_BASE', 'RO4', 2, 2, 60, 60, 60, 60, 60, 60, 60, 60, 60, 60, 60, 60, 60, 60, 60, 60 );
    insert into CUOF_MEZZANINE values ( 'CUOF_BASE', 'RO5', 2, 2, 60, 60, 60, 60, 60, 60, 60, 60, 60, 60, 60, 60, 60, 60, 60, 60 );
    insert into CUOF_MEZZANINE values ( 'CUOF_BASE', 'RO6', 2, 2, 60, 60, 60, 60, 60, 60, 60, 60, 60, 60, 60, 60, 60, 60, 60, 60 );
    insert into CUOF_MEZZANINE values ( 'CUOF_BASE', 'RO7', 2, 2, 60, 60, 60, 60, 60, 60, 60, 60, 60, 60, 60, 60, 60, 60, 60, 60 );
    insert into CUOF_MEZZANINE values ( 'CUOF_BASE', 'RO8', 2, 2, 60, 60, 60, 60, 60, 60, 60, 60, 60, 60, 60, 60, 60, 60, 60, 60 );
    insert into CUOF_MEZZANINE values ( 'CUOF_BASE', 'RO9', 2, 2, 60, 60, 60, 60, 60, 60, 60, 60, 60, 60, 60, 60, 60, 60, 60, 60 );
    insert into CUOF_MEZZANINE values ( 'CUOF_BASE', 'RO10', 2, 2, 60, 60, 60, 60, 60, 60, 60, 60, 60, 60, 60, 60, 60, 60, 60, 60 );
    insert into CUOF_MEZZANINE values ( 'CUOF_BASE', 'RO11', 2, 2, 60, 60, 60, 60, 60, 60, 60, 60, 60, 60, 60, 60, 60, 60, 60, 60 );
    insert into CUOF_MEZZANINE values ( 'CUOF_BASE', 'RO12', 2, 2, 60, 60, 60, 60, 60, 60, 60, 60, 60, 60, 60, 60, 60, 60, 60, 60 );
    insert into CUOF_MEZZANINE values ( 'CUOF_BASE', 'RO1', 2, 3, 60, 60, 60, 60, 60, 60, 60, 60, 60, 60, 60, 60, 60, 60, 60, 60 );
    insert into CUOF_MEZZANINE values ( 'CUOF_BASE', 'RO2', 2, 3, 60, 60, 60, 60, 60, 60, 60, 60, 60, 60, 60, 60, 60, 60, 60, 60 );
    insert into CUOF_MEZZANINE values ( 'CUOF_BASE', 'RO3', 2, 3, 60, 60, 60, 60, 60, 60, 60, 60, 60, 60, 60, 60, 60, 60, 60, 60 );
    insert into CUOF_MEZZANINE values ( 'CUOF_BASE', 'RO4', 2, 3, 60, 60, 60, 60, 60, 60, 60, 60, 60, 60, 60, 60, 60, 60, 60, 60 );
    insert into CUOF_MEZZANINE values ( 'CUOF_BASE', 'RO5', 2, 3, 60, 60, 60, 60, 60, 60, 60, 60, 60, 60, 60, 60, 60, 60, 60, 60 );
    insert into CUOF_MEZZANINE values ( 'CUOF_BASE', 'RO6', 2, 3, 60, 60, 60, 60, 60, 60, 60, 60, 60, 60, 60, 60, 60, 60, 60, 60 );
    insert into CUOF_MEZZANINE values ( 'CUOF_BASE', 'RO7', 2, 3, 60, 60, 60, 60, 60, 60, 60, 60, 60, 60, 60, 60, 60, 60, 60, 60 );
    insert into CUOF_MEZZANINE values ( 'CUOF_BASE', 'RO8', 2, 3, 60, 60, 60, 60, 60, 60, 60, 60, 60, 60, 60, 60, 60, 60, 60, 60 );
    insert into CUOF_MEZZANINE values ( 'CUOF_BASE', 'RO9', 2, 3, 60, 60, 60, 60, 60, 60, 60, 60, 60, 60, 60, 60, 60, 60, 60, 60 );
    insert into CUOF_MEZZANINE values ( 'CUOF_BASE', 'RO10', 2, 3, 60, 60, 60, 60, 60, 60, 60, 60, 60, 60, 60, 60, 60, 60, 60, 60 );
    insert into CUOF_MEZZANINE values ( 'CUOF_BASE', 'RO11', 2, 3, 60, 60, 60, 60, 60, 60, 60, 60, 60, 60, 60, 60, 60, 60, 60, 60 );
    insert into CUOF_MEZZANINE values ( 'CUOF_BASE', 'RO12', 2, 3, 60, 60, 60, 60, 60, 60, 60, 60, 60, 60, 60, 60, 60, 60, 60, 60 );
    
